codigo,nombre,minor,tipo,semestre_desde,semestre_hasta,unidad_academica,valida_ing_comercial,valida_contador_auditor,confirmado,observaciones,regla_especial_emprendimiento
CIP040,TALLER DE LIDERAZGO,Minor en Emprendimiento,Electiva,2015-1,2015-1,COORDINACION DE FORMACIÓN GENERAL E IDIOMAS / Coordinación de Formación General e Idiomas,REVISAR,REVISAR,SI,"Evidencia: calificaciones,seguimiento; vigencia observada, no interpolada",Sólo DIFEM para carreras restringidas
CIP040,TALLER DE LIDERAZGO,Minor en Emprendimiento,Electiva,2016-1,2016-1,COORDINACION DE FORMACIÓN GENERAL E IDIOMAS / Coordinación de Formación General e Idiomas,REVISAR,REVISAR,SI,"Evidencia: calificaciones,seguimiento; vigencia observada, no interpolada",Sólo DIFEM para carreras restringidas
CIP040,TALLER DE LIDERAZGO,Minor en Emprendimiento,Electiva,2016-2,2016-2,COORDINACION DE FORMACIÓN GENERAL E IDIOMAS / Coordinación de Formación General e Idiomas,REVISAR,REVISAR,SI,"Evidencia: calificaciones,seguimiento; vigencia observada, no interpolada",Sólo DIFEM para carreras restringidas
CIP040,TALLER DE LIDERAZGO,Minor en Emprendimiento,Electiva,2017-1,2017-1,COORDINACION DE FORMACIÓN GENERAL E IDIOMAS / Coordinación de Formación General e Idiomas,REVISAR,REVISAR,SI,"Evidencia: calificaciones,seguimiento; vigencia observada, no interpolada",Sólo DIFEM para carreras restringidas
CIP040,TALLER DE LIDERAZGO,Minor en Emprendimiento,Electiva,2018-1,2018-1,COORDINACION DE FORMACIÓN GENERAL E IDIOMAS,REVISAR,REVISAR,SI,"Evidencia: calificaciones; vigencia observada, no interpolada",Sólo DIFEM para carreras restringidas
CIP040,TALLER DE LIDERAZGO,Minor en Emprendimiento,Electiva,2018-2,2018-2,COORDINACION DE FORMACIÓN GENERAL E IDIOMAS,REVISAR,REVISAR,SI,"Evidencia: calificaciones; vigencia observada, no interpolada",Sólo DIFEM para carreras restringidas
CIP040,TALLER DE LIDERAZGO,Minor en Emprendimiento,Electiva,2019-1,2019-1,COORDINACION DE FORMACIÓN GENERAL E IDIOMAS,REVISAR,REVISAR,SI,"Evidencia: calificaciones; vigencia observada, no interpolada",Sólo DIFEM para carreras restringidas
CIP040,TALLER DE LIDERAZGO,Minor en Emprendimiento,Electiva,2019-2,2019-2,COORDINACION DE FORMACIÓN GENERAL E IDIOMAS,REVISAR,REVISAR,SI,"Evidencia: calificaciones; vigencia observada, no interpolada",Sólo DIFEM para carreras restringidas
CIP040,TALLER DE LIDERAZGO,Minor en Emprendimiento,Electiva,2020-1,2020-1,COORDINACION DE FORMACIÓN GENERAL E IDIOMAS,REVISAR,REVISAR,SI,"Evidencia: calificaciones; vigencia observada, no interpolada",Sólo DIFEM para carreras restringidas
CIP040,TALLER DE LIDERAZGO,Minor en Emprendimiento,Electiva,2021-1,2021-1,COORDINACION DE FORMACIÓN GENERAL E IDIOMAS,REVISAR,REVISAR,SI,"Evidencia: calificaciones; vigencia observada, no interpolada",Sólo DIFEM para carreras restringidas
CIP040,TALLER DE LIDERAZGO,Minor en Emprendimiento,Electiva,2023-1,2023-1,COORDINACION DE FORMACIÓN GENERAL E IDIOMAS,REVISAR,REVISAR,SI,"Evidencia: calificaciones; vigencia observada, no interpolada",Sólo DIFEM para carreras restringidas
CIP040,TALLER DE LIDERAZGO,Minor en Emprendimiento,Electiva,2024-1,2024-1,COORDINACION DE FORMACIÓN GENERAL E IDIOMAS,REVISAR,REVISAR,SI,"Evidencia: calificaciones; vigencia observada, no interpolada",Sólo DIFEM para carreras restringidas
CIP044,TRABAJO EN EQUIPO,Minor en Emprendimiento,Electiva,2015-1,2015-1,COORDINACION DE FORMACIÓN GENERAL E IDIOMAS / Coordinación de Formación General e Idiomas,REVISAR,REVISAR,SI,"Evidencia: calificaciones,seguimiento; vigencia observada, no interpolada",Sólo DIFEM para carreras restringidas
CIP044,TRABAJO EN EQUIPO,Minor en Emprendimiento,Electiva,2015-2,2015-2,COORDINACION DE FORMACIÓN GENERAL E IDIOMAS / Coordinación de Formación General e Idiomas,REVISAR,REVISAR,SI,"Evidencia: calificaciones,seguimiento; vigencia observada, no interpolada",Sólo DIFEM para carreras restringidas
CIP044,TRABAJO EN EQUIPO,Minor en Emprendimiento,Electiva,2016-1,2016-1,COORDINACION DE FORMACIÓN GENERAL E IDIOMAS / Coordinación de Formación General e Idiomas,REVISAR,REVISAR,SI,"Evidencia: calificaciones,seguimiento; vigencia observada, no interpolada",Sólo DIFEM para carreras restringidas
CIP044,TRABAJO EN EQUIPO,Minor en Emprendimiento,Electiva,2016-2,2016-2,COORDINACION DE FORMACIÓN GENERAL E IDIOMAS / Coordinación de Formación General e Idiomas,REVISAR,REVISAR,SI,"Evidencia: calificaciones,seguimiento; vigencia observada, no interpolada",Sólo DIFEM para carreras restringidas
CIP044,TRABAJO EN EQUIPO,Minor en Emprendimiento,Electiva,2017-1,2017-1,COORDINACION DE FORMACIÓN GENERAL E IDIOMAS / Coordinación de Formación General e Idiomas,REVISAR,REVISAR,SI,"Evidencia: calificaciones,seguimiento; vigencia observada, no interpolada",Sólo DIFEM para carreras restringidas
CIP044,TRABAJO EN EQUIPO,Minor en Emprendimiento,Electiva,2017-2,2017-2,COORDINACION DE FORMACIÓN GENERAL E IDIOMAS,REVISAR,REVISAR,SI,"Evidencia: calificaciones; vigencia observada, no interpolada",Sólo DIFEM para carreras restringidas
CIP044,TRABAJO EN EQUIPO,Minor en Emprendimiento,Electiva,2018-1,2018-1,COORDINACION DE FORMACIÓN GENERAL E IDIOMAS,REVISAR,REVISAR,SI,"Evidencia: calificaciones; vigencia observada, no interpolada",Sólo DIFEM para carreras restringidas
CIP044,TRABAJO EN EQUIPO,Minor en Emprendimiento,Electiva,2018-2,2018-2,COORDINACION DE FORMACIÓN GENERAL E IDIOMAS,REVISAR,REVISAR,SI,"Evidencia: calificaciones; vigencia observada, no interpolada",Sólo DIFEM para carreras restringidas
CIP044,TRABAJO EN EQUIPO,Minor en Emprendimiento,Electiva,2019-1,2019-1,COORDINACION DE FORMACIÓN GENERAL E IDIOMAS,REVISAR,REVISAR,SI,"Evidencia: calificaciones; vigencia observada, no interpolada",Sólo DIFEM para carreras restringidas
CIP044,TRABAJO EN EQUIPO,Minor en Emprendimiento,Electiva,2019-2,2019-2,COORDINACION DE FORMACIÓN GENERAL E IDIOMAS,REVISAR,REVISAR,SI,"Evidencia: calificaciones; vigencia observada, no interpolada",Sólo DIFEM para carreras restringidas
CIP044,TRABAJO EN EQUIPO,Minor en Emprendimiento,Electiva,2020-1,2020-1,COORDINACION DE FORMACIÓN GENERAL E IDIOMAS,REVISAR,REVISAR,SI,"Evidencia: calificaciones; vigencia observada, no interpolada",Sólo DIFEM para carreras restringidas
CIP044,TRABAJO EN EQUIPO,Minor en Emprendimiento,Electiva,2021-1,2021-1,COORDINACION DE FORMACIÓN GENERAL E IDIOMAS,REVISAR,REVISAR,SI,"Evidencia: calificaciones; vigencia observada, no interpolada",Sólo DIFEM para carreras restringidas
CIP044,TRABAJO EN EQUIPO,Minor en Emprendimiento,Electiva,2022-1,2022-1,COORDINACION DE FORMACIÓN GENERAL E IDIOMAS,REVISAR,REVISAR,SI,"Evidencia: calificaciones; vigencia observada, no interpolada",Sólo DIFEM para carreras restringidas
CIP044,TRABAJO EN EQUIPO,Minor en Emprendimiento,Electiva,2023-1,2023-1,COORDINACION DE FORMACIÓN GENERAL E IDIOMAS,REVISAR,REVISAR,SI,"Evidencia: calificaciones; vigencia observada, no interpolada",Sólo DIFEM para carreras restringidas
CIP101,FLUJO CREATIVO (E/G),Minor en Emprendimiento,Electiva,2015-1,2015-1,COORDINACION DE FORMACIÓN GENERAL E IDIOMAS / Coordinación de Formación General e Idiomas,REVISAR,REVISAR,SI,"Evidencia: calificaciones,seguimiento; vigencia observada, no interpolada",Sólo DIFEM para carreras restringidas
CIP101,FLUJO CREATIVO (E/G),Minor en Emprendimiento,Electiva,2015-2,2015-2,COORDINACION DE FORMACIÓN GENERAL E IDIOMAS / Coordinación de Formación General e Idiomas,REVISAR,REVISAR,SI,"Evidencia: calificaciones,seguimiento; vigencia observada, no interpolada",Sólo DIFEM para carreras restringidas
CIP101,FLUJO CREATIVO (E/G),Minor en Emprendimiento,Electiva,2016-1,2016-1,COORDINACION DE FORMACIÓN GENERAL E IDIOMAS / Coordinación de Formación General e Idiomas,REVISAR,REVISAR,SI,"Evidencia: calificaciones,seguimiento; vigencia observada, no interpolada",Sólo DIFEM para carreras restringidas
CIP101,FLUJO CREATIVO (E/G),Minor en Emprendimiento,Electiva,2016-2,2016-2,COORDINACION DE FORMACIÓN GENERAL E IDIOMAS / Coordinación de Formación General e Idiomas,REVISAR,REVISAR,SI,"Evidencia: calificaciones,seguimiento; vigencia observada, no interpolada",Sólo DIFEM para carreras restringidas
CIP101,FLUJO CREATIVO (E/G),Minor en Emprendimiento,Electiva,2017-1,2017-1,COORDINACION DE FORMACIÓN GENERAL E IDIOMAS / Coordinación de Formación General e Idiomas,REVISAR,REVISAR,SI,"Evidencia: calificaciones,seguimiento; vigencia observada, no interpolada",Sólo DIFEM para carreras restringidas
CIP101,FLUJO CREATIVO (E/G),Minor en Emprendimiento,Electiva,2018-1,2018-1,COORDINACION DE FORMACIÓN GENERAL E IDIOMAS,REVISAR,REVISAR,SI,"Evidencia: calificaciones; vigencia observada, no interpolada",Sólo DIFEM para carreras restringidas
CIP101,FLUJO CREATIVO (E/G),Minor en Emprendimiento,Electiva,2019-1,2019-1,COORDINACION DE FORMACIÓN GENERAL E IDIOMAS,REVISAR,REVISAR,SI,"Evidencia: calificaciones; vigencia observada, no interpolada",Sólo DIFEM para carreras restringidas
CIP101,FLUJO CREATIVO (E/G),Minor en Emprendimiento,Electiva,2019-2,2019-2,COORDINACION DE FORMACIÓN GENERAL E IDIOMAS,REVISAR,REVISAR,SI,"Evidencia: calificaciones; vigencia observada, no interpolada",Sólo DIFEM para carreras restringidas
CIP105,FACTOR S: EXPERIMENTANDO LA INNOVACION SOCIAL,Minor en Emprendimiento,Electiva,2015-1,2015-1,COORDINACION DE FORMACIÓN GENERAL E IDIOMAS / Coordinación de Formación General e Idiomas,REVISAR,REVISAR,SI,"Evidencia: calificaciones,seguimiento; vigencia observada, no interpolada",Sólo DIFEM para carreras restringidas
CIP105,FACTOR S: EXPERIMENTANDO LA INNOVACION SOCIAL,Minor en Emprendimiento,Electiva,2016-1,2016-1,COORDINACION DE FORMACIÓN GENERAL E IDIOMAS,REVISAR,REVISAR,SI,"Evidencia: calificaciones; vigencia observada, no interpolada",Sólo DIFEM para carreras restringidas
CIP105,FACTOR S: EXPERIMENTANDO LA INNOVACION SOCIAL,Minor en Emprendimiento,Electiva,2018-1,2018-1,COORDINACION DE FORMACIÓN GENERAL E IDIOMAS,REVISAR,REVISAR,SI,"Evidencia: calificaciones; vigencia observada, no interpolada",Sólo DIFEM para carreras restringidas
CIP105,FACTOR S: EXPERIMENTANDO LA INNOVACION SOCIAL,Minor en Emprendimiento,Electiva,2021-1,2021-1,COORDINACION DE FORMACIÓN GENERAL E IDIOMAS,REVISAR,REVISAR,SI,"Evidencia: calificaciones; vigencia observada, no interpolada",Sólo DIFEM para carreras restringidas
CIP140,TALLER DE EMPRENDIMIENTO,Minor en Emprendimiento,Electiva,2015-1,2015-1,COORDINACION DE FORMACIÓN GENERAL E IDIOMAS / Coordinación de Formación General e Idiomas,REVISAR,REVISAR,SI,"Evidencia: calificaciones,seguimiento; vigencia observada, no interpolada",Sólo DIFEM para carreras restringidas
CIP140,TALLER DE EMPRENDIMIENTO,Minor en Emprendimiento,Electiva,2015-2,2015-2,COORDINACION DE FORMACIÓN GENERAL E IDIOMAS / Coordinación de Formación General e Idiomas,REVISAR,REVISAR,SI,"Evidencia: calificaciones,seguimiento; vigencia observada, no interpolada",Sólo DIFEM para carreras restringidas
CIP140,TALLER DE EMPRENDIMIENTO,Minor en Emprendimiento,Electiva,2016-1,2016-1,COORDINACION DE FORMACIÓN GENERAL E IDIOMAS,REVISAR,REVISAR,SI,"Evidencia: calificaciones; vigencia observada, no interpolada",Sólo DIFEM para carreras restringidas
CIP140,TALLER DE EMPRENDIMIENTO,Minor en Emprendimiento,Electiva,2016-2,2016-2,COORDINACION DE FORMACIÓN GENERAL E IDIOMAS / Coordinación de Formación General e Idiomas,REVISAR,REVISAR,SI,"Evidencia: calificaciones,seguimiento; vigencia observada, no interpolada",Sólo DIFEM para carreras restringidas
CIP140,TALLER DE EMPRENDIMIENTO,Minor en Emprendimiento,Electiva,2017-1,2017-1,COORDINACION DE FORMACIÓN GENERAL E IDIOMAS / Coordinación de Formación General e Idiomas,REVISAR,REVISAR,SI,"Evidencia: calificaciones,seguimiento; vigencia observada, no interpolada",Sólo DIFEM para carreras restringidas
CIP140,TALLER DE EMPRENDIMIENTO,Minor en Emprendimiento,Electiva,2018-1,2018-1,COORDINACION DE FORMACIÓN GENERAL E IDIOMAS,REVISAR,REVISAR,SI,"Evidencia: calificaciones; vigencia observada, no interpolada",Sólo DIFEM para carreras restringidas
CIP140,TALLER DE EMPRENDIMIENTO,Minor en Emprendimiento,Electiva,2018-2,2018-2,COORDINACION DE FORMACIÓN GENERAL E IDIOMAS,REVISAR,REVISAR,SI,"Evidencia: calificaciones; vigencia observada, no interpolada",Sólo DIFEM para carreras restringidas
CIP140,TALLER DE EMPRENDIMIENTO,Minor en Emprendimiento,Electiva,2019-1,2019-1,COORDINACION DE FORMACIÓN GENERAL E IDIOMAS,REVISAR,REVISAR,SI,"Evidencia: calificaciones; vigencia observada, no interpolada",Sólo DIFEM para carreras restringidas
CIP140,TALLER DE EMPRENDIMIENTO,Minor en Emprendimiento,Electiva,2020-1,2020-1,COORDINACION DE FORMACIÓN GENERAL E IDIOMAS,REVISAR,REVISAR,SI,"Evidencia: calificaciones; vigencia observada, no interpolada",Sólo DIFEM para carreras restringidas
CIP140,TALLER DE EMPRENDIMIENTO,Minor en Emprendimiento,Electiva,2021-1,2021-1,COORDINACION DE FORMACIÓN GENERAL E IDIOMAS,REVISAR,REVISAR,SI,"Evidencia: calificaciones; vigencia observada, no interpolada",Sólo DIFEM para carreras restringidas
CIP140,TALLER DE EMPRENDIMIENTO,Minor en Emprendimiento,Electiva,2021-2,2021-2,COORDINACION DE FORMACIÓN GENERAL E IDIOMAS,REVISAR,REVISAR,SI,"Evidencia: calificaciones; vigencia observada, no interpolada",Sólo DIFEM para carreras restringidas
CIP140,TALLER DE EMPRENDIMIENTO,Minor en Emprendimiento,Electiva,2022-1,2022-1,COORDINACION DE FORMACIÓN GENERAL E IDIOMAS,REVISAR,REVISAR,SI,"Evidencia: calificaciones; vigencia observada, no interpolada",Sólo DIFEM para carreras restringidas
CIP140,TALLER DE EMPRENDIMIENTO,Minor en Emprendimiento,Electiva,2022-2,2022-2,COORDINACION DE FORMACIÓN GENERAL E IDIOMAS,REVISAR,REVISAR,SI,"Evidencia: calificaciones; vigencia observada, no interpolada",Sólo DIFEM para carreras restringidas
CIP140,TALLER DE EMPRENDIMIENTO,Minor en Emprendimiento,Electiva,2023-1,2023-1,COORDINACION DE FORMACIÓN GENERAL E IDIOMAS,REVISAR,REVISAR,SI,"Evidencia: calificaciones; vigencia observada, no interpolada",Sólo DIFEM para carreras restringidas
CIP140,TALLER DE EMPRENDIMIENTO,Minor en Emprendimiento,Electiva,2026-1,2026-1,COORDINACION DE FORMACIÓN GENERAL E IDIOMAS,REVISAR,REVISAR,SI,"Evidencia: calificaciones; vigencia observada, no interpolada",Sólo DIFEM para carreras restringidas
CIP147,HABILIDADES DE GESTION Y LIDERAZGO,Minor en Emprendimiento,Electiva,2015-1,2015-1,COORDINACION DE FORMACIÓN GENERAL E IDIOMAS / Coordinación de Formación General e Idiomas,REVISAR,REVISAR,SI,"Evidencia: calificaciones,seguimiento; vigencia observada, no interpolada",Sólo DIFEM para carreras restringidas
CIP147,HABILIDADES DE GESTION Y LIDERAZGO,Minor en Emprendimiento,Electiva,2015-2,2015-2,COORDINACION DE FORMACIÓN GENERAL E IDIOMAS / Coordinación de Formación General e Idiomas,REVISAR,REVISAR,SI,"Evidencia: calificaciones,seguimiento; vigencia observada, no interpolada",Sólo DIFEM para carreras restringidas
CIP147,HABILIDADES DE GESTION Y LIDERAZGO,Minor en Emprendimiento,Electiva,2016-1,2016-1,COORDINACION DE FORMACIÓN GENERAL E IDIOMAS / Coordinación de Formación General e Idiomas,REVISAR,REVISAR,SI,"Evidencia: calificaciones,seguimiento; vigencia observada, no interpolada",Sólo DIFEM para carreras restringidas
CIP147,HABILIDADES DE GESTION Y LIDERAZGO,Minor en Emprendimiento,Electiva,2016-2,2016-2,COORDINACION DE FORMACIÓN GENERAL E IDIOMAS / Coordinación de Formación General e Idiomas,REVISAR,REVISAR,SI,"Evidencia: calificaciones,seguimiento; vigencia observada, no interpolada",Sólo DIFEM para carreras restringidas
CIP147,HABILIDADES DE GESTION Y LIDERAZGO,Minor en Emprendimiento,Electiva,2017-1,2017-1,COORDINACION DE FORMACIÓN GENERAL E IDIOMAS / Coordinación de Formación General e Idiomas,REVISAR,REVISAR,SI,"Evidencia: calificaciones,seguimiento; vigencia observada, no interpolada",Sólo DIFEM para carreras restringidas
CIP147,HABILIDADES DE GESTION Y LIDERAZGO,Minor en Emprendimiento,Electiva,2017-2,2017-2,COORDINACION DE FORMACIÓN GENERAL E IDIOMAS,REVISAR,REVISAR,SI,"Evidencia: calificaciones; vigencia observada, no interpolada",Sólo DIFEM para carreras restringidas
CIP147,HABILIDADES DE GESTION Y LIDERAZGO,Minor en Emprendimiento,Electiva,2018-1,2018-1,COORDINACION DE FORMACIÓN GENERAL E IDIOMAS,REVISAR,REVISAR,SI,"Evidencia: calificaciones; vigencia observada, no interpolada",Sólo DIFEM para carreras restringidas
CIP147,HABILIDADES DE GESTION Y LIDERAZGO,Minor en Emprendimiento,Electiva,2019-1,2019-1,COORDINACION DE FORMACIÓN GENERAL E IDIOMAS,REVISAR,REVISAR,SI,"Evidencia: calificaciones; vigencia observada, no interpolada",Sólo DIFEM para carreras restringidas
CIP147,HABILIDADES DE GESTION Y LIDERAZGO,Minor en Emprendimiento,Electiva,2020-1,2020-1,COORDINACION DE FORMACIÓN GENERAL E IDIOMAS,REVISAR,REVISAR,SI,"Evidencia: calificaciones; vigencia observada, no interpolada",Sólo DIFEM para carreras restringidas
CIP147,HABILIDADES DE GESTION Y LIDERAZGO,Minor en Emprendimiento,Electiva,2021-1,2021-1,COORDINACION DE FORMACIÓN GENERAL E IDIOMAS,REVISAR,REVISAR,SI,"Evidencia: calificaciones; vigencia observada, no interpolada",Sólo DIFEM para carreras restringidas
CIP147,HABILIDADES DE GESTION Y LIDERAZGO,Minor en Emprendimiento,Electiva,2024-1,2024-1,COORDINACION DE FORMACIÓN GENERAL E IDIOMAS,REVISAR,REVISAR,SI,"Evidencia: calificaciones; vigencia observada, no interpolada",Sólo DIFEM para carreras restringidas
CIP147,HABILIDADES DE GESTION Y LIDERAZGO,Minor en Emprendimiento,Electiva,2025-1,2025-1,COORDINACION DE FORMACIÓN GENERAL E IDIOMAS,REVISAR,REVISAR,SI,"Evidencia: calificaciones; vigencia observada, no interpolada",Sólo DIFEM para carreras restringidas
CIP159,SOLUCIONES CREATIVAS PARA PROBLEMATICAS SOCIALES E/G,Minor en Emprendimiento,Electiva,2015-1,2015-1,COORDINACION DE FORMACIÓN GENERAL E IDIOMAS / Coordinación de Formación General e Idiomas,REVISAR,REVISAR,SI,"Evidencia: calificaciones,seguimiento; vigencia observada, no interpolada",Sólo DIFEM para carreras restringidas
CIP159,SOLUCIONES CREATIVAS PARA PROBLEMATICAS SOCIALES E/G,Minor en Emprendimiento,Electiva,2015-2,2015-2,COORDINACION DE FORMACIÓN GENERAL E IDIOMAS,REVISAR,REVISAR,SI,"Evidencia: calificaciones; vigencia observada, no interpolada",Sólo DIFEM para carreras restringidas
CIP159,SOLUCIONES CREATIVAS PARA PROBLEMATICAS SOCIALES E/G,Minor en Emprendimiento,Electiva,2016-1,2016-1,COORDINACION DE FORMACIÓN GENERAL E IDIOMAS / Coordinación de Formación General e Idiomas,REVISAR,REVISAR,SI,"Evidencia: calificaciones,seguimiento; vigencia observada, no interpolada",Sólo DIFEM para carreras restringidas
CIP159,SOLUCIONES CREATIVAS PARA PROBLEMATICAS SOCIALES E/G,Minor en Emprendimiento,Electiva,2016-2,2016-2,COORDINACION DE FORMACIÓN GENERAL E IDIOMAS / Coordinación de Formación General e Idiomas,REVISAR,REVISAR,SI,"Evidencia: calificaciones,seguimiento; vigencia observada, no interpolada",Sólo DIFEM para carreras restringidas
CIP159,SOLUCIONES CREATIVAS PARA PROBLEMATICAS SOCIALES E/G,Minor en Emprendimiento,Electiva,2017-1,2017-1,COORDINACION DE FORMACIÓN GENERAL E IDIOMAS,REVISAR,REVISAR,SI,"Evidencia: calificaciones; vigencia observada, no interpolada",Sólo DIFEM para carreras restringidas
CIP159,SOLUCIONES CREATIVAS PARA PROBLEMATICAS SOCIALES E/G,Minor en Emprendimiento,Electiva,2018-1,2018-1,COORDINACION DE FORMACIÓN GENERAL E IDIOMAS,REVISAR,REVISAR,SI,"Evidencia: calificaciones; vigencia observada, no interpolada",Sólo DIFEM para carreras restringidas
CIP159,SOLUCIONES CREATIVAS PARA PROBLEMATICAS SOCIALES E/G,Minor en Emprendimiento,Electiva,2018-2,2018-2,COORDINACION DE FORMACIÓN GENERAL E IDIOMAS,REVISAR,REVISAR,SI,"Evidencia: calificaciones; vigencia observada, no interpolada",Sólo DIFEM para carreras restringidas
CIP159,SOLUCIONES CREATIVAS PARA PROBLEMATICAS SOCIALES E/G,Minor en Emprendimiento,Electiva,2019-1,2019-1,COORDINACION DE FORMACIÓN GENERAL E IDIOMAS,REVISAR,REVISAR,SI,"Evidencia: calificaciones; vigencia observada, no interpolada",Sólo DIFEM para carreras restringidas
CIP159,SOLUCIONES CREATIVAS PARA PROBLEMATICAS SOCIALES E/G,Minor en Emprendimiento,Electiva,2020-1,2020-1,COORDINACION DE FORMACIÓN GENERAL E IDIOMAS,REVISAR,REVISAR,SI,"Evidencia: calificaciones; vigencia observada, no interpolada",Sólo DIFEM para carreras restringidas
CIP159,SOLUCIONES CREATIVAS PARA PROBLEMATICAS SOCIALES E/G,Minor en Emprendimiento,Electiva,2021-1,2021-1,COORDINACION DE FORMACIÓN GENERAL E IDIOMAS,REVISAR,REVISAR,SI,"Evidencia: calificaciones; vigencia observada, no interpolada",Sólo DIFEM para carreras restringidas
CIP163,ECONOMIA Y FINANZAS PERSONALES E/G,Minor en Emprendimiento,Electiva,2015-1,2015-1,COORDINACION DE FORMACIÓN GENERAL E IDIOMAS,REVISAR,REVISAR,SI,"Evidencia: calificaciones; vigencia observada, no interpolada",Sólo DIFEM para carreras restringidas
CIP163,ECONOMIA Y FINANZAS PERSONALES E/G,Minor en Emprendimiento,Electiva,2015-2,2015-2,COORDINACION DE FORMACIÓN GENERAL E IDIOMAS,REVISAR,REVISAR,SI,"Evidencia: calificaciones; vigencia observada, no interpolada",Sólo DIFEM para carreras restringidas
CIP163,ECONOMIA Y FINANZAS PERSONALES E/G,Minor en Emprendimiento,Electiva,2016-1,2016-1,COORDINACION DE FORMACIÓN GENERAL E IDIOMAS,REVISAR,REVISAR,SI,"Evidencia: calificaciones; vigencia observada, no interpolada",Sólo DIFEM para carreras restringidas
CIP163,ECONOMIA Y FINANZAS PERSONALES E/G,Minor en Emprendimiento,Electiva,2017-1,2017-1,COORDINACION DE FORMACIÓN GENERAL E IDIOMAS,REVISAR,REVISAR,SI,"Evidencia: calificaciones; vigencia observada, no interpolada",Sólo DIFEM para carreras restringidas
CIP163,ECONOMIA Y FINANZAS PERSONALES E/G,Minor en Emprendimiento,Electiva,2018-1,2018-1,COORDINACION DE FORMACIÓN GENERAL E IDIOMAS,REVISAR,REVISAR,SI,"Evidencia: calificaciones; vigencia observada, no interpolada",Sólo DIFEM para carreras restringidas
CIP163,ECONOMIA Y FINANZAS PERSONALES E/G,Minor en Emprendimiento,Electiva,2020-1,2020-1,COORDINACION DE FORMACIÓN GENERAL E IDIOMAS / Coordinación de Formación General e Idiomas,REVISAR,REVISAR,SI,"Evidencia: calificaciones,seguimiento; vigencia observada, no interpolada",Sólo DIFEM para carreras restringidas
CIP165,CREACIÓN DE EMPRESAS EN LA PRÁCTICA (SPIN OUT) E/G,Minor en Emprendimiento,Electiva,2015-1,2015-1,Coordinación de Formación General e Idiomas,REVISAR,REVISAR,NO,"Evidencia: seguimiento; vigencia observada, no interpolada",Sólo DIFEM para carreras restringidas
CIP165,CREACIÓN DE EMPRESAS EN LA PRÁCTICA (SPIN OUT) E/G,Minor en Emprendimiento,Electiva,2015-2,2015-2,Coordinación de Formación General e Idiomas,REVISAR,REVISAR,NO,"Evidencia: seguimiento; vigencia observada, no interpolada",Sólo DIFEM para carreras restringidas
CIP165,CREACIÓN DE EMPRESAS EN LA PRÁCTICA (SPIN OUT) E/G,Minor en Emprendimiento,Electiva,2016-1,2016-1,Coordinación de Formación General e Idiomas,REVISAR,REVISAR,NO,"Evidencia: seguimiento; vigencia observada, no interpolada",Sólo DIFEM para carreras restringidas
CIP165,CREACIÓN DE EMPRESAS EN LA PRÁCTICA (SPIN OUT) E/G,Minor en Emprendimiento,Electiva,2016-2,2016-2,Coordinación de Formación General e Idiomas,REVISAR,REVISAR,NO,"Evidencia: seguimiento; vigencia observada, no interpolada",Sólo DIFEM para carreras restringidas
CIP165,CREACIÓN DE EMPRESAS EN LA PRÁCTICA (SPIN OUT) E/G,Minor en Emprendimiento,Electiva,2017-1,2017-1,Coordinación de Formación General e Idiomas,REVISAR,REVISAR,NO,"Evidencia: seguimiento; vigencia observada, no interpolada",Sólo DIFEM para carreras restringidas
CIP171,HUMOR EN EQUIPO (E/G),Minor en Emprendimiento,Electiva,2016-2,2016-2,COORDINACION DE FORMACIÓN GENERAL E IDIOMAS,REVISAR,REVISAR,SI,"Evidencia: calificaciones; vigencia observada, no interpolada",Sólo DIFEM para carreras restringidas
CIP171,HUMOR EN EQUIPO (E/G),Minor en Emprendimiento,Electiva,2017-1,2017-1,COORDINACION DE FORMACIÓN GENERAL E IDIOMAS,REVISAR,REVISAR,SI,"Evidencia: calificaciones; vigencia observada, no interpolada",Sólo DIFEM para carreras restringidas
CIP171,HUMOR EN EQUIPO (E/G),Minor en Emprendimiento,Electiva,2018-1,2018-1,COORDINACION DE FORMACIÓN GENERAL E IDIOMAS,REVISAR,REVISAR,SI,"Evidencia: calificaciones; vigencia observada, no interpolada",Sólo DIFEM para carreras restringidas
CIP171,HUMOR EN EQUIPO (E/G),Minor en Emprendimiento,Electiva,2021-1,2021-1,COORDINACION DE FORMACIÓN GENERAL E IDIOMAS,REVISAR,REVISAR,SI,"Evidencia: calificaciones; vigencia observada, no interpolada",Sólo DIFEM para carreras restringidas
CIP171,HUMOR EN EQUIPO (E/G),Minor en Emprendimiento,Electiva,2023-1,2023-1,COORDINACION DE FORMACIÓN GENERAL E IDIOMAS,REVISAR,REVISAR,SI,"Evidencia: calificaciones; vigencia observada, no interpolada",Sólo DIFEM para carreras restringidas
DFI040,TALLER DE LIDERAZGO,Minor en Emprendimiento,Electiva,2017-2,2017-2,COORDINACION DE FORMACIÓN GENERAL E IDIOMAS / Coordinación de Formación General e Idiomas,REVISAR,REVISAR,SI,"Evidencia: calificaciones,seguimiento; vigencia observada, no interpolada",Sólo DIFEM para carreras restringidas
DFI040,TALLER DE LIDERAZGO,Minor en Emprendimiento,Electiva,2018-1,2018-1,COORDINACION DE FORMACIÓN GENERAL E IDIOMAS / Coordinación de Formación General e Idiomas,REVISAR,REVISAR,SI,"Evidencia: calificaciones,seguimiento; vigencia observada, no interpolada",Sólo DIFEM para carreras restringidas
DFI040,TALLER DE LIDERAZGO,Minor en Emprendimiento,Electiva,2018-2,2018-2,COORDINACION DE FORMACIÓN GENERAL E IDIOMAS / Coordinación de Formación General e Idiomas,REVISAR,REVISAR,SI,"Evidencia: calificaciones,seguimiento; vigencia observada, no interpolada",Sólo DIFEM para carreras restringidas
DFI040,TALLER DE LIDERAZGO,Minor en Emprendimiento,Electiva,2019-1,2019-1,COORDINACION DE FORMACIÓN GENERAL E IDIOMAS / Coordinación de Formación General e Idiomas,REVISAR,REVISAR,SI,"Evidencia: calificaciones,seguimiento; vigencia observada, no interpolada",Sólo DIFEM para carreras restringidas
DFI040,TALLER DE LIDERAZGO,Minor en Emprendimiento,Electiva,2019-2,2019-2,COORDINACION DE FORMACIÓN GENERAL E IDIOMAS,REVISAR,REVISAR,SI,"Evidencia: calificaciones; vigencia observada, no interpolada",Sólo DIFEM para carreras restringidas
DFI040,TALLER DE LIDERAZGO,Minor en Emprendimiento,Electiva,2020-1,2020-1,COORDINACION DE FORMACIÓN GENERAL E IDIOMAS / Coordinación de Formación General e Idiomas,REVISAR,REVISAR,SI,"Evidencia: calificaciones,seguimiento; vigencia observada, no interpolada",Sólo DIFEM para carreras restringidas
DFI040,TALLER DE LIDERAZGO,Minor en Emprendimiento,Electiva,2020-2,2020-2,COORDINACION DE FORMACIÓN GENERAL E IDIOMAS,REVISAR,REVISAR,SI,"Evidencia: calificaciones; vigencia observada, no interpolada",Sólo DIFEM para carreras restringidas
DFI040,TALLER DE LIDERAZGO,Minor en Emprendimiento,Electiva,2021-1,2021-1,COORDINACION DE FORMACIÓN GENERAL E IDIOMAS,REVISAR,REVISAR,SI,"Evidencia: calificaciones; vigencia observada, no interpolada",Sólo DIFEM para carreras restringidas
DFI040,TALLER DE LIDERAZGO,Minor en Emprendimiento,Electiva,2023-1,2023-1,COORDINACION DE FORMACIÓN GENERAL E IDIOMAS,REVISAR,REVISAR,SI,"Evidencia: calificaciones; vigencia observada, no interpolada",Sólo DIFEM para carreras restringidas
DFI040,TALLER DE LIDERAZGO,Minor en Emprendimiento,Electiva,2024-1,2024-1,COORDINACION DE FORMACIÓN GENERAL E IDIOMAS,REVISAR,REVISAR,SI,"Evidencia: calificaciones; vigencia observada, no interpolada",Sólo DIFEM para carreras restringidas
DFI040,TALLER DE LIDERAZGO,Minor en Emprendimiento,Electiva,2025-2,2025-2,COORDINACION DE FORMACIÓN GENERAL E IDIOMAS / Coordinación de Formación General e Idiomas,REVISAR,REVISAR,SI,"Evidencia: calificaciones,seguimiento; vigencia observada, no interpolada",Sólo DIFEM para carreras restringidas
DFI040,TALLER DE LIDERAZGO,Minor en Emprendimiento,Electiva,2026-1,2026-1,COORDINACION DE FORMACIÓN GENERAL E IDIOMAS,REVISAR,REVISAR,SI,"Evidencia: calificaciones; vigencia observada, no interpolada",Sólo DIFEM para carreras restringidas
DFI044,TRABAJO EN EQUIPO,Minor en Emprendimiento,Electiva,2017-2,2017-2,COORDINACION DE FORMACIÓN GENERAL E IDIOMAS / Coordinación de Formación General e Idiomas,REVISAR,REVISAR,SI,"Evidencia: calificaciones,seguimiento; vigencia observada, no interpolada",Sólo DIFEM para carreras restringidas
DFI044,TRABAJO EN EQUIPO,Minor en Emprendimiento,Electiva,2018-1,2018-1,COORDINACION DE FORMACIÓN GENERAL E IDIOMAS / Coordinación de Formación General e Idiomas,REVISAR,REVISAR,SI,"Evidencia: calificaciones,seguimiento; vigencia observada, no interpolada",Sólo DIFEM para carreras restringidas
DFI044,TRABAJO EN EQUIPO,Minor en Emprendimiento,Electiva,2018-2,2018-2,COORDINACION DE FORMACIÓN GENERAL E IDIOMAS / Coordinación de Formación General e Idiomas,REVISAR,REVISAR,SI,"Evidencia: calificaciones,seguimiento; vigencia observada, no interpolada",Sólo DIFEM para carreras restringidas
DFI044,TRABAJO EN EQUIPO,Minor en Emprendimiento,Electiva,2019-1,2019-1,COORDINACION DE FORMACIÓN GENERAL E IDIOMAS / Coordinación de Formación General e Idiomas,REVISAR,REVISAR,SI,"Evidencia: calificaciones,seguimiento; vigencia observada, no interpolada",Sólo DIFEM para carreras restringidas
DFI044,TRABAJO EN EQUIPO,Minor en Emprendimiento,Electiva,2019-2,2019-2,COORDINACION DE FORMACIÓN GENERAL E IDIOMAS / Coordinación de Formación General e Idiomas,REVISAR,REVISAR,SI,"Evidencia: calificaciones,seguimiento; vigencia observada, no interpolada",Sólo DIFEM para carreras restringidas
DFI044,TRABAJO EN EQUIPO,Minor en Emprendimiento,Electiva,2020-1,2020-1,COORDINACION DE FORMACIÓN GENERAL E IDIOMAS / Coordinación de Formación General e Idiomas,REVISAR,REVISAR,SI,"Evidencia: calificaciones,seguimiento; vigencia observada, no interpolada",Sólo DIFEM para carreras restringidas
DFI044,TRABAJO EN EQUIPO,Minor en Emprendimiento,Electiva,2020-2,2020-2,COORDINACION DE FORMACIÓN GENERAL E IDIOMAS / Coordinación de Formación General e Idiomas,REVISAR,REVISAR,SI,"Evidencia: calificaciones,seguimiento; vigencia observada, no interpolada",Sólo DIFEM para carreras restringidas
DFI044,TRABAJO EN EQUIPO,Minor en Emprendimiento,Electiva,2021-1,2021-1,COORDINACION DE FORMACIÓN GENERAL E IDIOMAS / Coordinación de Formación General e Idiomas,REVISAR,REVISAR,SI,"Evidencia: calificaciones,seguimiento; vigencia observada, no interpolada",Sólo DIFEM para carreras restringidas
DFI044,TRABAJO EN EQUIPO,Minor en Emprendimiento,Electiva,2021-2,2021-2,COORDINACION DE FORMACIÓN GENERAL E IDIOMAS,REVISAR,REVISAR,SI,"Evidencia: calificaciones; vigencia observada, no interpolada",Sólo DIFEM para carreras restringidas
DFI044,TRABAJO EN EQUIPO,Minor en Emprendimiento,Electiva,2022-1,2022-1,COORDINACION DE FORMACIÓN GENERAL E IDIOMAS,REVISAR,REVISAR,SI,"Evidencia: calificaciones; vigencia observada, no interpolada",Sólo DIFEM para carreras restringidas
DFI044,TRABAJO EN EQUIPO,Minor en Emprendimiento,Electiva,2022-2,2022-2,COORDINACION DE FORMACIÓN GENERAL E IDIOMAS / Coordinación de Formación General e Idiomas,REVISAR,REVISAR,SI,"Evidencia: calificaciones,seguimiento; vigencia observada, no interpolada",Sólo DIFEM para carreras restringidas
DFI044,TRABAJO EN EQUIPO,Minor en Emprendimiento,Electiva,2023-1,2023-1,COORDINACION DE FORMACIÓN GENERAL E IDIOMAS,REVISAR,REVISAR,SI,"Evidencia: calificaciones; vigencia observada, no interpolada",Sólo DIFEM para carreras restringidas
DFI044,TRABAJO EN EQUIPO,Minor en Emprendimiento,Electiva,2025-2,2025-2,COORDINACION DE FORMACIÓN GENERAL E IDIOMAS / Coordinación de Formación General e Idiomas,REVISAR,REVISAR,SI,"Evidencia: calificaciones,seguimiento; vigencia observada, no interpolada",Sólo DIFEM para carreras restringidas
DFI044,TRABAJO EN EQUIPO,Minor en Emprendimiento,Electiva,2026-1,2026-1,COORDINACION DE FORMACIÓN GENERAL E IDIOMAS,REVISAR,REVISAR,SI,"Evidencia: calificaciones; vigencia observada, no interpolada",Sólo DIFEM para carreras restringidas
DFI101,FLUJO CREATIVO (E/G),Minor en Emprendimiento,Electiva,2017-2,2017-2,COORDINACION DE FORMACIÓN GENERAL E IDIOMAS / Coordinación de Formación General e Idiomas,REVISAR,REVISAR,SI,"Evidencia: calificaciones,seguimiento; vigencia observada, no interpolada",Sólo DIFEM para carreras restringidas
DFI101,FLUJO CREATIVO (E/G),Minor en Emprendimiento,Electiva,2018-1,2018-1,COORDINACION DE FORMACIÓN GENERAL E IDIOMAS / Coordinación de Formación General e Idiomas,REVISAR,REVISAR,SI,"Evidencia: calificaciones,seguimiento; vigencia observada, no interpolada",Sólo DIFEM para carreras restringidas
DFI101,FLUJO CREATIVO (E/G),Minor en Emprendimiento,Electiva,2018-2,2018-2,COORDINACION DE FORMACIÓN GENERAL E IDIOMAS / Coordinación de Formación General e Idiomas,REVISAR,REVISAR,SI,"Evidencia: calificaciones,seguimiento; vigencia observada, no interpolada",Sólo DIFEM para carreras restringidas
DFI101,FLUJO CREATIVO (E/G),Minor en Emprendimiento,Electiva,2020-1,2020-1,COORDINACION DE FORMACIÓN GENERAL E IDIOMAS / Coordinación de Formación General e Idiomas,REVISAR,REVISAR,SI,"Evidencia: calificaciones,seguimiento; vigencia observada, no interpolada",Sólo DIFEM para carreras restringidas
DFI101,FLUJO CREATIVO (E/G),Minor en Emprendimiento,Electiva,2021-1,2021-1,COORDINACION DE FORMACIÓN GENERAL E IDIOMAS,REVISAR,REVISAR,SI,"Evidencia: calificaciones; vigencia observada, no interpolada",Sólo DIFEM para carreras restringidas
DFI121,MARKETING DIGITAL PARA EL EMPRENDIMIENTO (E/G),Minor en Emprendimiento,Electiva,2022-2,2022-2,COORDINACION DE FORMACIÓN GENERAL E IDIOMAS / Coordinación de Formación General e Idiomas,REVISAR,REVISAR,SI,"Evidencia: calificaciones,seguimiento; vigencia observada, no interpolada",Sólo DIFEM para carreras restringidas
DFI121,MARKETING DIGITAL PARA EL EMPRENDIMIENTO (E/G),Minor en Emprendimiento,Electiva,2023-1,2023-1,COORDINACION DE FORMACIÓN GENERAL E IDIOMAS / Coordinación de Formación General e Idiomas,REVISAR,REVISAR,SI,"Evidencia: calificaciones,seguimiento; vigencia observada, no interpolada",Sólo DIFEM para carreras restringidas
DFI121,MARKETING DIGITAL PARA EL EMPRENDIMIENTO (E/G),Minor en Emprendimiento,Electiva,2023-2,2023-2,COORDINACION DE FORMACIÓN GENERAL E IDIOMAS / Coordinación de Formación General e Idiomas,REVISAR,REVISAR,SI,"Evidencia: calificaciones,seguimiento; vigencia observada, no interpolada",Sólo DIFEM para carreras restringidas
DFI121,MARKETING DIGITAL PARA EL EMPRENDIMIENTO (E/G),Minor en Emprendimiento,Electiva,2024-1,2024-1,COORDINACION DE FORMACIÓN GENERAL E IDIOMAS,REVISAR,REVISAR,SI,"Evidencia: calificaciones; vigencia observada, no interpolada",Sólo DIFEM para carreras restringidas
DFI121,MARKETING DIGITAL PARA EL EMPRENDIMIENTO (E/G),Minor en Emprendimiento,Electiva,2024-2,2024-2,COORDINACION DE FORMACIÓN GENERAL E IDIOMAS,REVISAR,REVISAR,SI,"Evidencia: calificaciones; vigencia observada, no interpolada",Sólo DIFEM para carreras restringidas
DFI121,MARKETING DIGITAL PARA EL EMPRENDIMIENTO (E/G),Minor en Emprendimiento,Electiva,2025-1,2025-1,COORDINACION DE FORMACIÓN GENERAL E IDIOMAS / Coordinación de Formación General e Idiomas,REVISAR,REVISAR,SI,"Evidencia: calificaciones,seguimiento; vigencia observada, no interpolada",Sólo DIFEM para carreras restringidas
DFI121,MARKETING DIGITAL PARA EL EMPRENDIMIENTO (E/G),Minor en Emprendimiento,Electiva,2026-1,2026-1,COORDINACION DE FORMACIÓN GENERAL E IDIOMAS,REVISAR,REVISAR,SI,"Evidencia: calificaciones; vigencia observada, no interpolada",Sólo DIFEM para carreras restringidas
DFI129,"EL EMPRENDEDOR LÍDER: CÓMO CONSTRUIR, LIDERAR E INSPIRAR EQU",Minor en Emprendimiento,Electiva,2022-2,2022-2,COORDINACION DE FORMACIÓN GENERAL E IDIOMAS / Coordinación de Formación General e Idiomas,REVISAR,REVISAR,SI,"Evidencia: calificaciones,seguimiento; vigencia observada, no interpolada",Sólo DIFEM para carreras restringidas
DFI129,"EL EMPRENDEDOR LÍDER: CÓMO CONSTRUIR, LIDERAR E INSPIRAR EQU",Minor en Emprendimiento,Electiva,2023-1,2023-1,COORDINACION DE FORMACIÓN GENERAL E IDIOMAS / Coordinación de Formación General e Idiomas,REVISAR,REVISAR,SI,"Evidencia: calificaciones,seguimiento; vigencia observada, no interpolada",Sólo DIFEM para carreras restringidas
DFI129,"EL EMPRENDEDOR LÍDER: CÓMO CONSTRUIR, LIDERAR E INSPIRAR EQU",Minor en Emprendimiento,Electiva,2023-2,2023-2,COORDINACION DE FORMACIÓN GENERAL E IDIOMAS / Coordinación de Formación General e Idiomas,REVISAR,REVISAR,SI,"Evidencia: calificaciones,seguimiento; vigencia observada, no interpolada",Sólo DIFEM para carreras restringidas
DFI129,"EL EMPRENDEDOR LÍDER: CÓMO CONSTRUIR, LIDERAR E INSPIRAR EQU",Minor en Emprendimiento,Electiva,2024-1,2024-1,COORDINACION DE FORMACIÓN GENERAL E IDIOMAS / Coordinación de Formación General e Idiomas,REVISAR,REVISAR,SI,"Evidencia: calificaciones,seguimiento; vigencia observada, no interpolada",Sólo DIFEM para carreras restringidas
DFI129,"EL EMPRENDEDOR LÍDER: CÓMO CONSTRUIR, LIDERAR E INSPIRAR EQU",Minor en Emprendimiento,Electiva,2026-1,2026-1,COORDINACION DE FORMACIÓN GENERAL E IDIOMAS,REVISAR,REVISAR,SI,"Evidencia: calificaciones; vigencia observada, no interpolada",Sólo DIFEM para carreras restringidas
DFI140,TALLER DE EMPRENDIMIENTO,Minor en Emprendimiento,Electiva,2017-2,2017-2,COORDINACION DE FORMACIÓN GENERAL E IDIOMAS / Coordinación de Formación General e Idiomas,REVISAR,REVISAR,SI,"Evidencia: calificaciones,seguimiento; vigencia observada, no interpolada",Sólo DIFEM para carreras restringidas
DFI140,TALLER DE EMPRENDIMIENTO,Minor en Emprendimiento,Electiva,2018-1,2018-1,COORDINACION DE FORMACIÓN GENERAL E IDIOMAS,REVISAR,REVISAR,SI,"Evidencia: calificaciones; vigencia observada, no interpolada",Sólo DIFEM para carreras restringidas
DFI140,TALLER DE EMPRENDIMIENTO,Minor en Emprendimiento,Electiva,2018-2,2018-2,COORDINACION DE FORMACIÓN GENERAL E IDIOMAS / Coordinación de Formación General e Idiomas,REVISAR,REVISAR,SI,"Evidencia: calificaciones,seguimiento; vigencia observada, no interpolada",Sólo DIFEM para carreras restringidas
DFI140,TALLER DE EMPRENDIMIENTO,Minor en Emprendimiento,Electiva,2019-1,2019-1,COORDINACION DE FORMACIÓN GENERAL E IDIOMAS / Coordinación de Formación General e Idiomas,REVISAR,REVISAR,SI,"Evidencia: calificaciones,seguimiento; vigencia observada, no interpolada",Sólo DIFEM para carreras restringidas
DFI140,TALLER DE EMPRENDIMIENTO,Minor en Emprendimiento,Electiva,2019-2,2019-2,COORDINACION DE FORMACIÓN GENERAL E IDIOMAS / Coordinación de Formación General e Idiomas,REVISAR,REVISAR,SI,"Evidencia: calificaciones,seguimiento; vigencia observada, no interpolada",Sólo DIFEM para carreras restringidas
DFI140,TALLER DE EMPRENDIMIENTO,Minor en Emprendimiento,Electiva,2020-1,2020-1,COORDINACION DE FORMACIÓN GENERAL E IDIOMAS / Coordinación de Formación General e Idiomas,REVISAR,REVISAR,SI,"Evidencia: calificaciones,seguimiento; vigencia observada, no interpolada",Sólo DIFEM para carreras restringidas
DFI140,TALLER DE EMPRENDIMIENTO,Minor en Emprendimiento,Electiva,2020-2,2020-2,COORDINACION DE FORMACIÓN GENERAL E IDIOMAS / Coordinación de Formación General e Idiomas,REVISAR,REVISAR,SI,"Evidencia: calificaciones,seguimiento; vigencia observada, no interpolada",Sólo DIFEM para carreras restringidas
DFI140,TALLER DE EMPRENDIMIENTO,Minor en Emprendimiento,Electiva,2021-1,2021-1,COORDINACION DE FORMACIÓN GENERAL E IDIOMAS / Coordinación de Formación General e Idiomas,REVISAR,REVISAR,SI,"Evidencia: calificaciones,seguimiento; vigencia observada, no interpolada",Sólo DIFEM para carreras restringidas
DFI140,TALLER DE EMPRENDIMIENTO,Minor en Emprendimiento,Electiva,2021-2,2021-2,COORDINACION DE FORMACIÓN GENERAL E IDIOMAS / Coordinación de Formación General e Idiomas,REVISAR,REVISAR,SI,"Evidencia: calificaciones,seguimiento; vigencia observada, no interpolada",Sólo DIFEM para carreras restringidas
DFI140,TALLER DE EMPRENDIMIENTO,Minor en Emprendimiento,Electiva,2022-1,2022-1,COORDINACION DE FORMACIÓN GENERAL E IDIOMAS / Coordinación de Formación General e Idiomas,REVISAR,REVISAR,SI,"Evidencia: calificaciones,seguimiento; vigencia observada, no interpolada",Sólo DIFEM para carreras restringidas
DFI140,TALLER DE EMPRENDIMIENTO,Minor en Emprendimiento,Electiva,2022-2,2022-2,COORDINACION DE FORMACIÓN GENERAL E IDIOMAS / Coordinación de Formación General e Idiomas,REVISAR,REVISAR,SI,"Evidencia: calificaciones,seguimiento; vigencia observada, no interpolada",Sólo DIFEM para carreras restringidas
DFI140,TALLER DE EMPRENDIMIENTO,Minor en Emprendimiento,Electiva,2023-1,2023-1,COORDINACION DE FORMACIÓN GENERAL E IDIOMAS / Coordinación de Formación General e Idiomas,REVISAR,REVISAR,SI,"Evidencia: calificaciones,seguimiento; vigencia observada, no interpolada",Sólo DIFEM para carreras restringidas
DFI140,TALLER DE EMPRENDIMIENTO,Minor en Emprendimiento,Electiva,2023-2,2023-2,COORDINACION DE FORMACIÓN GENERAL E IDIOMAS / Coordinación de Formación General e Idiomas,REVISAR,REVISAR,SI,"Evidencia: calificaciones,seguimiento; vigencia observada, no interpolada",Sólo DIFEM para carreras restringidas
DFI140,TALLER DE EMPRENDIMIENTO,Minor en Emprendimiento,Electiva,2024-1,2024-1,COORDINACION DE FORMACIÓN GENERAL E IDIOMAS / Coordinación de Formación General e Idiomas,REVISAR,REVISAR,SI,"Evidencia: calificaciones,seguimiento; vigencia observada, no interpolada",Sólo DIFEM para carreras restringidas
DFI140,TALLER DE EMPRENDIMIENTO,Minor en Emprendimiento,Electiva,2024-2,2024-2,COORDINACION DE FORMACIÓN GENERAL E IDIOMAS / Coordinación de Formación General e Idiomas,REVISAR,REVISAR,SI,"Evidencia: calificaciones,seguimiento; vigencia observada, no interpolada",Sólo DIFEM para carreras restringidas
DFI140,TALLER DE EMPRENDIMIENTO,Minor en Emprendimiento,Electiva,2025-1,2025-1,COORDINACION DE FORMACIÓN GENERAL E IDIOMAS / Coordinación de Formación General e Idiomas,REVISAR,REVISAR,SI,"Evidencia: calificaciones,seguimiento; vigencia observada, no interpolada",Sólo DIFEM para carreras restringidas
DFI140,TALLER DE EMPRENDIMIENTO,Minor en Emprendimiento,Electiva,2025-2,2025-2,COORDINACION DE FORMACIÓN GENERAL E IDIOMAS / Coordinación de Formación General e Idiomas,REVISAR,REVISAR,SI,"Evidencia: calificaciones,seguimiento; vigencia observada, no interpolada",Sólo DIFEM para carreras restringidas
DFI140,TALLER DE EMPRENDIMIENTO,Minor en Emprendimiento,Electiva,2026-1,2026-1,COORDINACION DE FORMACIÓN GENERAL E IDIOMAS,REVISAR,REVISAR,SI,"Evidencia: calificaciones; vigencia observada, no interpolada",Sólo DIFEM para carreras restringidas
DFI147,HABILIDADES DE GESTION Y LIDERAZGO,Minor en Emprendimiento,Electiva,2017-2,2017-2,COORDINACION DE FORMACIÓN GENERAL E IDIOMAS / Coordinación de Formación General e Idiomas,REVISAR,REVISAR,SI,"Evidencia: calificaciones,seguimiento; vigencia observada, no interpolada",Sólo DIFEM para carreras restringidas
DFI147,HABILIDADES DE GESTION Y LIDERAZGO,Minor en Emprendimiento,Electiva,2018-1,2018-1,COORDINACION DE FORMACIÓN GENERAL E IDIOMAS / Coordinación de Formación General e Idiomas,REVISAR,REVISAR,SI,"Evidencia: calificaciones,seguimiento; vigencia observada, no interpolada",Sólo DIFEM para carreras restringidas
DFI147,HABILIDADES DE GESTION Y LIDERAZGO,Minor en Emprendimiento,Electiva,2018-2,2018-2,COORDINACION DE FORMACIÓN GENERAL E IDIOMAS / Coordinación de Formación General e Idiomas,REVISAR,REVISAR,SI,"Evidencia: calificaciones,seguimiento; vigencia observada, no interpolada",Sólo DIFEM para carreras restringidas
DFI147,HABILIDADES DE GESTION Y LIDERAZGO,Minor en Emprendimiento,Electiva,2019-1,2019-1,COORDINACION DE FORMACIÓN GENERAL E IDIOMAS / Coordinación de Formación General e Idiomas,REVISAR,REVISAR,SI,"Evidencia: calificaciones,seguimiento; vigencia observada, no interpolada",Sólo DIFEM para carreras restringidas
DFI147,HABILIDADES DE GESTION Y LIDERAZGO,Minor en Emprendimiento,Electiva,2019-2,2019-2,COORDINACION DE FORMACIÓN GENERAL E IDIOMAS / Coordinación de Formación General e Idiomas,REVISAR,REVISAR,SI,"Evidencia: calificaciones,seguimiento; vigencia observada, no interpolada",Sólo DIFEM para carreras restringidas
DFI147,HABILIDADES DE GESTION Y LIDERAZGO,Minor en Emprendimiento,Electiva,2020-1,2020-1,COORDINACION DE FORMACIÓN GENERAL E IDIOMAS / Coordinación de Formación General e Idiomas,REVISAR,REVISAR,SI,"Evidencia: calificaciones,seguimiento; vigencia observada, no interpolada",Sólo DIFEM para carreras restringidas
DFI147,HABILIDADES DE GESTION Y LIDERAZGO,Minor en Emprendimiento,Electiva,2020-2,2020-2,COORDINACION DE FORMACIÓN GENERAL E IDIOMAS / Coordinación de Formación General e Idiomas,REVISAR,REVISAR,SI,"Evidencia: calificaciones,seguimiento; vigencia observada, no interpolada",Sólo DIFEM para carreras restringidas
DFI147,HABILIDADES DE GESTION Y LIDERAZGO,Minor en Emprendimiento,Electiva,2021-1,2021-1,COORDINACION DE FORMACIÓN GENERAL E IDIOMAS / Coordinación de Formación General e Idiomas,REVISAR,REVISAR,SI,"Evidencia: calificaciones,seguimiento; vigencia observada, no interpolada",Sólo DIFEM para carreras restringidas
DFI147,HABILIDADES DE GESTION Y LIDERAZGO,Minor en Emprendimiento,Electiva,2021-2,2021-2,COORDINACION DE FORMACIÓN GENERAL E IDIOMAS,REVISAR,REVISAR,SI,"Evidencia: calificaciones; vigencia observada, no interpolada",Sólo DIFEM para carreras restringidas
DFI147,HABILIDADES DE GESTION Y LIDERAZGO,Minor en Emprendimiento,Electiva,2022-1,2022-1,COORDINACION DE FORMACIÓN GENERAL E IDIOMAS / Coordinación de Formación General e Idiomas,REVISAR,REVISAR,SI,"Evidencia: calificaciones,seguimiento; vigencia observada, no interpolada",Sólo DIFEM para carreras restringidas
DFI147,HABILIDADES DE GESTION Y LIDERAZGO,Minor en Emprendimiento,Electiva,2022-2,2022-2,COORDINACION DE FORMACIÓN GENERAL E IDIOMAS / Coordinación de Formación General e Idiomas,REVISAR,REVISAR,SI,"Evidencia: calificaciones,seguimiento; vigencia observada, no interpolada",Sólo DIFEM para carreras restringidas
DFI147,HABILIDADES DE GESTION Y LIDERAZGO,Minor en Emprendimiento,Electiva,2023-1,2023-1,COORDINACION DE FORMACIÓN GENERAL E IDIOMAS / Coordinación de Formación General e Idiomas,REVISAR,REVISAR,SI,"Evidencia: calificaciones,seguimiento; vigencia observada, no interpolada",Sólo DIFEM para carreras restringidas
DFI147,HABILIDADES DE GESTION Y LIDERAZGO,Minor en Emprendimiento,Electiva,2023-2,2023-2,COORDINACION DE FORMACIÓN GENERAL E IDIOMAS / Coordinación de Formación General e Idiomas,REVISAR,REVISAR,SI,"Evidencia: calificaciones,seguimiento; vigencia observada, no interpolada",Sólo DIFEM para carreras restringidas
DFI147,HABILIDADES DE GESTION Y LIDERAZGO,Minor en Emprendimiento,Electiva,2024-1,2024-1,COORDINACION DE FORMACIÓN GENERAL E IDIOMAS / Coordinación de Formación General e Idiomas,REVISAR,REVISAR,SI,"Evidencia: calificaciones,seguimiento; vigencia observada, no interpolada",Sólo DIFEM para carreras restringidas
DFI147,HABILIDADES DE GESTION Y LIDERAZGO,Minor en Emprendimiento,Electiva,2024-2,2024-2,COORDINACION DE FORMACIÓN GENERAL E IDIOMAS / Coordinación de Formación General e Idiomas,REVISAR,REVISAR,SI,"Evidencia: calificaciones,seguimiento; vigencia observada, no interpolada",Sólo DIFEM para carreras restringidas
DFI147,HABILIDADES DE GESTION Y LIDERAZGO,Minor en Emprendimiento,Electiva,2025-1,2025-1,COORDINACION DE FORMACIÓN GENERAL E IDIOMAS / Coordinación de Formación General e Idiomas,REVISAR,REVISAR,SI,"Evidencia: calificaciones,seguimiento; vigencia observada, no interpolada",Sólo DIFEM para carreras restringidas
DFI147,HABILIDADES DE GESTION Y LIDERAZGO,Minor en Emprendimiento,Electiva,2025-2,2025-2,COORDINACION DE FORMACIÓN GENERAL E IDIOMAS / Coordinación de Formación General e Idiomas,REVISAR,REVISAR,SI,"Evidencia: calificaciones,seguimiento; vigencia observada, no interpolada",Sólo DIFEM para carreras restringidas
DFI147,HABILIDADES DE GESTION Y LIDERAZGO,Minor en Emprendimiento,Electiva,2026-1,2026-1,COORDINACION DE FORMACIÓN GENERAL E IDIOMAS,REVISAR,REVISAR,SI,"Evidencia: calificaciones; vigencia observada, no interpolada",Sólo DIFEM para carreras restringidas
DFI159,SOLUCIONES CREATIVAS PARA PROBLEMATICAS SOCIALES E/G,Minor en Emprendimiento,Electiva,2017-2,2017-2,COORDINACION DE FORMACIÓN GENERAL E IDIOMAS / Coordinación de Formación General e Idiomas,REVISAR,REVISAR,SI,"Evidencia: calificaciones,seguimiento; vigencia observada, no interpolada",Sólo DIFEM para carreras restringidas
DFI159,SOLUCIONES CREATIVAS PARA PROBLEMATICAS SOCIALES E/G,Minor en Emprendimiento,Electiva,2018-1,2018-1,COORDINACION DE FORMACIÓN GENERAL E IDIOMAS,REVISAR,REVISAR,SI,"Evidencia: calificaciones; vigencia observada, no interpolada",Sólo DIFEM para carreras restringidas
DFI159,SOLUCIONES CREATIVAS PARA PROBLEMATICAS SOCIALES E/G,Minor en Emprendimiento,Electiva,2018-2,2018-2,COORDINACION DE FORMACIÓN GENERAL E IDIOMAS / Coordinación de Formación General e Idiomas,REVISAR,REVISAR,SI,"Evidencia: calificaciones,seguimiento; vigencia observada, no interpolada",Sólo DIFEM para carreras restringidas
DFI159,SOLUCIONES CREATIVAS PARA PROBLEMATICAS SOCIALES E/G,Minor en Emprendimiento,Electiva,2019-1,2019-1,COORDINACION DE FORMACIÓN GENERAL E IDIOMAS / Coordinación de Formación General e Idiomas,REVISAR,REVISAR,SI,"Evidencia: calificaciones,seguimiento; vigencia observada, no interpolada",Sólo DIFEM para carreras restringidas
DFI159,SOLUCIONES CREATIVAS PARA PROBLEMATICAS SOCIALES E/G,Minor en Emprendimiento,Electiva,2019-2,2019-2,COORDINACION DE FORMACIÓN GENERAL E IDIOMAS / Coordinación de Formación General e Idiomas,REVISAR,REVISAR,SI,"Evidencia: calificaciones,seguimiento; vigencia observada, no interpolada",Sólo DIFEM para carreras restringidas
DFI159,SOLUCIONES CREATIVAS PARA PROBLEMATICAS SOCIALES E/G,Minor en Emprendimiento,Electiva,2020-1,2020-1,COORDINACION DE FORMACIÓN GENERAL E IDIOMAS / Coordinación de Formación General e Idiomas,REVISAR,REVISAR,SI,"Evidencia: calificaciones,seguimiento; vigencia observada, no interpolada",Sólo DIFEM para carreras restringidas
DFI159,SOLUCIONES CREATIVAS PARA PROBLEMATICAS SOCIALES E/G,Minor en Emprendimiento,Electiva,2020-2,2020-2,COORDINACION DE FORMACIÓN GENERAL E IDIOMAS / Coordinación de Formación General e Idiomas,REVISAR,REVISAR,SI,"Evidencia: calificaciones,seguimiento; vigencia observada, no interpolada",Sólo DIFEM para carreras restringidas
DFI159,SOLUCIONES CREATIVAS PARA PROBLEMATICAS SOCIALES E/G,Minor en Emprendimiento,Electiva,2021-1,2021-1,COORDINACION DE FORMACIÓN GENERAL E IDIOMAS,REVISAR,REVISAR,SI,"Evidencia: calificaciones; vigencia observada, no interpolada",Sólo DIFEM para carreras restringidas
DFI159,SOLUCIONES CREATIVAS PARA PROBLEMATICAS SOCIALES E/G,Minor en Emprendimiento,Electiva,2021-2,2021-2,COORDINACION DE FORMACIÓN GENERAL E IDIOMAS / Coordinación de Formación General e Idiomas,REVISAR,REVISAR,SI,"Evidencia: calificaciones,seguimiento; vigencia observada, no interpolada",Sólo DIFEM para carreras restringidas
DFI159,SOLUCIONES CREATIVAS PARA PROBLEMATICAS SOCIALES E/G,Minor en Emprendimiento,Electiva,2022-1,2022-1,COORDINACION DE FORMACIÓN GENERAL E IDIOMAS / Coordinación de Formación General e Idiomas,REVISAR,REVISAR,SI,"Evidencia: calificaciones,seguimiento; vigencia observada, no interpolada",Sólo DIFEM para carreras restringidas
DFI159,SOLUCIONES CREATIVAS PARA PROBLEMATICAS SOCIALES E/G,Minor en Emprendimiento,Electiva,2023-1,2023-1,COORDINACION DE FORMACIÓN GENERAL E IDIOMAS,REVISAR,REVISAR,SI,"Evidencia: calificaciones; vigencia observada, no interpolada",Sólo DIFEM para carreras restringidas
DFI159,SOLUCIONES CREATIVAS PARA PROBLEMATICAS SOCIALES E/G,Minor en Emprendimiento,Electiva,2023-2,2023-2,COORDINACION DE FORMACIÓN GENERAL E IDIOMAS,REVISAR,REVISAR,SI,"Evidencia: calificaciones; vigencia observada, no interpolada",Sólo DIFEM para carreras restringidas
DFI159,SOLUCIONES CREATIVAS PARA PROBLEMATICAS SOCIALES E/G,Minor en Emprendimiento,Electiva,2024-1,2024-1,COORDINACION DE FORMACIÓN GENERAL E IDIOMAS / Coordinación de Formación General e Idiomas,REVISAR,REVISAR,SI,"Evidencia: calificaciones,seguimiento; vigencia observada, no interpolada",Sólo DIFEM para carreras restringidas
DFI159,SOLUCIONES CREATIVAS PARA PROBLEMATICAS SOCIALES E/G,Minor en Emprendimiento,Electiva,2024-2,2024-2,COORDINACION DE FORMACIÓN GENERAL E IDIOMAS / Coordinación de Formación General e Idiomas,REVISAR,REVISAR,SI,"Evidencia: calificaciones,seguimiento; vigencia observada, no interpolada",Sólo DIFEM para carreras restringidas
DFI159,SOLUCIONES CREATIVAS PARA PROBLEMATICAS SOCIALES E/G,Minor en Emprendimiento,Electiva,2025-1,2025-1,COORDINACION DE FORMACIÓN GENERAL E IDIOMAS / Coordinación de Formación General e Idiomas,REVISAR,REVISAR,SI,"Evidencia: calificaciones,seguimiento; vigencia observada, no interpolada",Sólo DIFEM para carreras restringidas
DFI159,SOLUCIONES CREATIVAS PARA PROBLEMATICAS SOCIALES E/G,Minor en Emprendimiento,Electiva,2025-2,2025-2,COORDINACION DE FORMACIÓN GENERAL E IDIOMAS / Coordinación de Formación General e Idiomas,REVISAR,REVISAR,SI,"Evidencia: calificaciones,seguimiento; vigencia observada, no interpolada",Sólo DIFEM para carreras restringidas
DFI159,SOLUCIONES CREATIVAS PARA PROBLEMATICAS SOCIALES E/G,Minor en Emprendimiento,Electiva,2026-1,2026-1,COORDINACION DE FORMACIÓN GENERAL E IDIOMAS,REVISAR,REVISAR,SI,"Evidencia: calificaciones; vigencia observada, no interpolada",Sólo DIFEM para carreras restringidas
DFI163,ECONOMIA Y FINANZAS PERSONALES E/G,Minor en Emprendimiento,Electiva,2018-1,2018-1,COORDINACION DE FORMACIÓN GENERAL E IDIOMAS,REVISAR,REVISAR,SI,"Evidencia: calificaciones; vigencia observada, no interpolada",Sólo DIFEM para carreras restringidas
DFI165,CREACIÓN DE EMPRESAS EN LA PRÁCTICA (SPIN OUT) E/G,Minor en Emprendimiento,Troncal,2017-2,2017-2,COORDINACION DE FORMACIÓN GENERAL E IDIOMAS / Coordinación de Formación General e Idiomas,REVISAR,REVISAR,SI,"Evidencia: calificaciones,seguimiento; vigencia observada, no interpolada",Sólo DIFEM para carreras restringidas
DFI165,CREACIÓN DE EMPRESAS EN LA PRÁCTICA (SPIN OUT) E/G,Minor en Emprendimiento,Troncal,2018-1,2018-1,COORDINACION DE FORMACIÓN GENERAL E IDIOMAS / Coordinación de Formación General e Idiomas,REVISAR,REVISAR,SI,"Evidencia: calificaciones,seguimiento; vigencia observada, no interpolada",Sólo DIFEM para carreras restringidas
DFI165,CREACIÓN DE EMPRESAS EN LA PRÁCTICA (SPIN OUT) E/G,Minor en Emprendimiento,Troncal,2018-2,2018-2,COORDINACION DE FORMACIÓN GENERAL E IDIOMAS / Coordinación de Formación General e Idiomas,REVISAR,REVISAR,SI,"Evidencia: calificaciones,seguimiento; vigencia observada, no interpolada",Sólo DIFEM para carreras restringidas
DFI165,CREACIÓN DE EMPRESAS EN LA PRÁCTICA (SPIN OUT) E/G,Minor en Emprendimiento,Troncal,2019-1,2019-1,COORDINACION DE FORMACIÓN GENERAL E IDIOMAS / Coordinación de Formación General e Idiomas,REVISAR,REVISAR,SI,"Evidencia: calificaciones,seguimiento; vigencia observada, no interpolada",Sólo DIFEM para carreras restringidas
DFI165,CREACIÓN DE EMPRESAS EN LA PRÁCTICA (SPIN OUT) E/G,Minor en Emprendimiento,Troncal,2019-2,2019-2,COORDINACION DE FORMACIÓN GENERAL E IDIOMAS / Coordinación de Formación General e Idiomas,REVISAR,REVISAR,SI,"Evidencia: calificaciones,seguimiento; vigencia observada, no interpolada",Sólo DIFEM para carreras restringidas
DFI165,CREACIÓN DE EMPRESAS EN LA PRÁCTICA (SPIN OUT) E/G,Minor en Emprendimiento,Troncal,2020-1,2020-1,COORDINACION DE FORMACIÓN GENERAL E IDIOMAS / Coordinación de Formación General e Idiomas,REVISAR,REVISAR,SI,"Evidencia: calificaciones,seguimiento; vigencia observada, no interpolada",Sólo DIFEM para carreras restringidas
DFI165,CREACIÓN DE EMPRESAS EN LA PRÁCTICA (SPIN OUT) E/G,Minor en Emprendimiento,Troncal,2020-2,2020-2,COORDINACION DE FORMACIÓN GENERAL E IDIOMAS / Coordinación de Formación General e Idiomas,REVISAR,REVISAR,SI,"Evidencia: calificaciones,seguimiento; vigencia observada, no interpolada",Sólo DIFEM para carreras restringidas
DFI165,CREACIÓN DE EMPRESAS EN LA PRÁCTICA (SPIN OUT) E/G,Minor en Emprendimiento,Troncal,2021-1,2021-1,COORDINACION DE FORMACIÓN GENERAL E IDIOMAS / Coordinación de Formación General e Idiomas,REVISAR,REVISAR,SI,"Evidencia: calificaciones,seguimiento; vigencia observada, no interpolada",Sólo DIFEM para carreras restringidas
DFI165,CREACIÓN DE EMPRESAS EN LA PRÁCTICA (SPIN OUT) E/G,Minor en Emprendimiento,Troncal,2021-2,2021-2,COORDINACION DE FORMACIÓN GENERAL E IDIOMAS / Coordinación de Formación General e Idiomas,REVISAR,REVISAR,SI,"Evidencia: calificaciones,seguimiento; vigencia observada, no interpolada",Sólo DIFEM para carreras restringidas
DFI165,CREACIÓN DE EMPRESAS EN LA PRÁCTICA (SPIN OUT) E/G,Minor en Emprendimiento,Troncal,2022-1,2022-1,COORDINACION DE FORMACIÓN GENERAL E IDIOMAS / Coordinación de Formación General e Idiomas,REVISAR,REVISAR,SI,"Evidencia: calificaciones,seguimiento; vigencia observada, no interpolada",Sólo DIFEM para carreras restringidas
DFI165,CREACIÓN DE EMPRESAS EN LA PRÁCTICA (SPIN OUT) E/G,Minor en Emprendimiento,Troncal,2022-2,2022-2,COORDINACION DE FORMACIÓN GENERAL E IDIOMAS / Coordinación de Formación General e Idiomas,REVISAR,REVISAR,SI,"Evidencia: calificaciones,seguimiento; vigencia observada, no interpolada",Sólo DIFEM para carreras restringidas
DFI165,CREACIÓN DE EMPRESAS EN LA PRÁCTICA (SPIN OUT) E/G,Minor en Emprendimiento,Troncal,2023-1,2023-1,COORDINACION DE FORMACIÓN GENERAL E IDIOMAS / Coordinación de Formación General e Idiomas,REVISAR,REVISAR,SI,"Evidencia: calificaciones,seguimiento; vigencia observada, no interpolada",Sólo DIFEM para carreras restringidas
DFI165,CREACIÓN DE EMPRESAS EN LA PRÁCTICA (SPIN OUT) E/G,Minor en Emprendimiento,Troncal,2023-2,2023-2,COORDINACION DE FORMACIÓN GENERAL E IDIOMAS / Coordinación de Formación General e Idiomas,REVISAR,REVISAR,SI,"Evidencia: calificaciones,seguimiento; vigencia observada, no interpolada",Sólo DIFEM para carreras restringidas
DFI165,CREACIÓN DE EMPRESAS EN LA PRÁCTICA (SPIN OUT) E/G,Minor en Emprendimiento,Troncal,2024-1,2024-1,COORDINACION DE FORMACIÓN GENERAL E IDIOMAS / Coordinación de Formación General e Idiomas,REVISAR,REVISAR,SI,"Evidencia: calificaciones,seguimiento; vigencia observada, no interpolada",Sólo DIFEM para carreras restringidas
DFI165,CREACIÓN DE EMPRESAS EN LA PRÁCTICA (SPIN OUT) E/G,Minor en Emprendimiento,Troncal,2024-2,2024-2,COORDINACION DE FORMACIÓN GENERAL E IDIOMAS / Coordinación de Formación General e Idiomas,REVISAR,REVISAR,SI,"Evidencia: calificaciones,seguimiento; vigencia observada, no interpolada",Sólo DIFEM para carreras restringidas
DFI165,CREACIÓN DE EMPRESAS EN LA PRÁCTICA (SPIN OUT) E/G,Minor en Emprendimiento,Troncal,2025-1,2025-1,COORDINACION DE FORMACIÓN GENERAL E IDIOMAS / Coordinación de Formación General e Idiomas,REVISAR,REVISAR,SI,"Evidencia: calificaciones,seguimiento; vigencia observada, no interpolada",Sólo DIFEM para carreras restringidas
DFI165,CREACIÓN DE EMPRESAS EN LA PRÁCTICA (SPIN OUT) E/G,Minor en Emprendimiento,Troncal,2025-2,2025-2,COORDINACION DE FORMACIÓN GENERAL E IDIOMAS / Coordinación de Formación General e Idiomas,REVISAR,REVISAR,SI,"Evidencia: calificaciones,seguimiento; vigencia observada, no interpolada",Sólo DIFEM para carreras restringidas
DFI165,CREACIÓN DE EMPRESAS EN LA PRÁCTICA (SPIN OUT) E/G,Minor en Emprendimiento,Troncal,2026-1,2026-1,COORDINACION DE FORMACIÓN GENERAL E IDIOMAS,REVISAR,REVISAR,SI,"Evidencia: calificaciones; vigencia observada, no interpolada",Sólo DIFEM para carreras restringidas
DFI171,HUMOR EN EQUIPO (E/G),Minor en Emprendimiento,Electiva,2017-2,2017-2,COORDINACION DE FORMACIÓN GENERAL E IDIOMAS,REVISAR,REVISAR,SI,"Evidencia: calificaciones; vigencia observada, no interpolada",Sólo DIFEM para carreras restringidas
DFI171,HUMOR EN EQUIPO (E/G),Minor en Emprendimiento,Electiva,2018-1,2018-1,COORDINACION DE FORMACIÓN GENERAL E IDIOMAS,REVISAR,REVISAR,SI,"Evidencia: calificaciones; vigencia observada, no interpolada",Sólo DIFEM para carreras restringidas
DFI171,HUMOR EN EQUIPO (E/G),Minor en Emprendimiento,Electiva,2018-2,2018-2,COORDINACION DE FORMACIÓN GENERAL E IDIOMAS,REVISAR,REVISAR,SI,"Evidencia: calificaciones; vigencia observada, no interpolada",Sólo DIFEM para carreras restringidas
DFI171,HUMOR EN EQUIPO (E/G),Minor en Emprendimiento,Electiva,2019-1,2019-1,COORDINACION DE FORMACIÓN GENERAL E IDIOMAS,REVISAR,REVISAR,SI,"Evidencia: calificaciones; vigencia observada, no interpolada",Sólo DIFEM para carreras restringidas
DFI171,HUMOR EN EQUIPO (E/G),Minor en Emprendimiento,Electiva,2019-2,2019-2,COORDINACION DE FORMACIÓN GENERAL E IDIOMAS / Coordinación de Formación General e Idiomas,REVISAR,REVISAR,SI,"Evidencia: calificaciones,seguimiento; vigencia observada, no interpolada",Sólo DIFEM para carreras restringidas
DFI171,HUMOR EN EQUIPO (E/G),Minor en Emprendimiento,Electiva,2020-1,2020-1,COORDINACION DE FORMACIÓN GENERAL E IDIOMAS / Coordinación de Formación General e Idiomas,REVISAR,REVISAR,SI,"Evidencia: calificaciones,seguimiento; vigencia observada, no interpolada",Sólo DIFEM para carreras restringidas
DFI171,HUMOR EN EQUIPO (E/G),Minor en Emprendimiento,Electiva,2020-2,2020-2,COORDINACION DE FORMACIÓN GENERAL E IDIOMAS,REVISAR,REVISAR,SI,"Evidencia: calificaciones; vigencia observada, no interpolada",Sólo DIFEM para carreras restringidas
DFI171,HUMOR EN EQUIPO (E/G),Minor en Emprendimiento,Electiva,2021-1,2021-1,COORDINACION DE FORMACIÓN GENERAL E IDIOMAS / Coordinación de Formación General e Idiomas,REVISAR,REVISAR,SI,"Evidencia: calificaciones,seguimiento; vigencia observada, no interpolada",Sólo DIFEM para carreras restringidas
DFI171,HUMOR EN EQUIPO (E/G),Minor en Emprendimiento,Electiva,2021-2,2021-2,COORDINACION DE FORMACIÓN GENERAL E IDIOMAS,REVISAR,REVISAR,SI,"Evidencia: calificaciones; vigencia observada, no interpolada",Sólo DIFEM para carreras restringidas
DFI171,HUMOR EN EQUIPO (E/G),Minor en Emprendimiento,Electiva,2022-1,2022-1,COORDINACION DE FORMACIÓN GENERAL E IDIOMAS,REVISAR,REVISAR,SI,"Evidencia: calificaciones; vigencia observada, no interpolada",Sólo DIFEM para carreras restringidas
DFI171,HUMOR EN EQUIPO (E/G),Minor en Emprendimiento,Electiva,2022-2,2022-2,COORDINACION DE FORMACIÓN GENERAL E IDIOMAS,REVISAR,REVISAR,SI,"Evidencia: calificaciones; vigencia observada, no interpolada",Sólo DIFEM para carreras restringidas
DFI171,HUMOR EN EQUIPO (E/G),Minor en Emprendimiento,Electiva,2023-1,2023-1,COORDINACION DE FORMACIÓN GENERAL E IDIOMAS,REVISAR,REVISAR,SI,"Evidencia: calificaciones; vigencia observada, no interpolada",Sólo DIFEM para carreras restringidas
DFI171,HUMOR EN EQUIPO (E/G),Minor en Emprendimiento,Electiva,2023-2,2023-2,COORDINACION DE FORMACIÓN GENERAL E IDIOMAS,REVISAR,REVISAR,SI,"Evidencia: calificaciones; vigencia observada, no interpolada",Sólo DIFEM para carreras restringidas
DFI171,HUMOR EN EQUIPO (E/G),Minor en Emprendimiento,Electiva,2024-1,2024-1,COORDINACION DE FORMACIÓN GENERAL E IDIOMAS,REVISAR,REVISAR,SI,"Evidencia: calificaciones; vigencia observada, no interpolada",Sólo DIFEM para carreras restringidas
DFI171,HUMOR EN EQUIPO (E/G),Minor en Emprendimiento,Electiva,2024-2,2024-2,COORDINACION DE FORMACIÓN GENERAL E IDIOMAS,REVISAR,REVISAR,SI,"Evidencia: calificaciones; vigencia observada, no interpolada",Sólo DIFEM para carreras restringidas
DFI171,HUMOR EN EQUIPO (E/G),Minor en Emprendimiento,Electiva,2025-1,2025-1,COORDINACION DE FORMACIÓN GENERAL E IDIOMAS / Coordinación de Formación General e Idiomas,REVISAR,REVISAR,SI,"Evidencia: calificaciones,seguimiento; vigencia observada, no interpolada",Sólo DIFEM para carreras restringidas
DFI171,HUMOR EN EQUIPO (E/G),Minor en Emprendimiento,Electiva,2025-2,2025-2,COORDINACION DE FORMACIÓN GENERAL E IDIOMAS / Coordinación de Formación General e Idiomas,REVISAR,REVISAR,SI,"Evidencia: calificaciones,seguimiento; vigencia observada, no interpolada",Sólo DIFEM para carreras restringidas
DFI171,HUMOR EN EQUIPO (E/G),Minor en Emprendimiento,Electiva,2026-1,2026-1,COORDINACION DE FORMACIÓN GENERAL E IDIOMAS,REVISAR,REVISAR,SI,"Evidencia: calificaciones; vigencia observada, no interpolada",Sólo DIFEM para carreras restringidas
DFI209,EMPRENDIMIENTO E INNOVACION SOCIAL (E/G),Minor en Emprendimiento,Electiva,2019-1,2019-1,COORDINACION DE FORMACIÓN GENERAL E IDIOMAS / Coordinación de Formación General e Idiomas,REVISAR,REVISAR,SI,"Evidencia: calificaciones,seguimiento; vigencia observada, no interpolada",Sólo DIFEM para carreras restringidas
DFI209,EMPRENDIMIENTO E INNOVACION SOCIAL (E/G),Minor en Emprendimiento,Electiva,2019-2,2019-2,COORDINACION DE FORMACIÓN GENERAL E IDIOMAS / Coordinación de Formación General e Idiomas,REVISAR,REVISAR,SI,"Evidencia: calificaciones,seguimiento; vigencia observada, no interpolada",Sólo DIFEM para carreras restringidas
DFI209,EMPRENDIMIENTO E INNOVACION SOCIAL (E/G),Minor en Emprendimiento,Electiva,2020-1,2020-1,COORDINACION DE FORMACIÓN GENERAL E IDIOMAS / Coordinación de Formación General e Idiomas,REVISAR,REVISAR,SI,"Evidencia: calificaciones,seguimiento; vigencia observada, no interpolada",Sólo DIFEM para carreras restringidas
DFI209,EMPRENDIMIENTO E INNOVACION SOCIAL (E/G),Minor en Emprendimiento,Electiva,2020-2,2020-2,COORDINACION DE FORMACIÓN GENERAL E IDIOMAS / Coordinación de Formación General e Idiomas,REVISAR,REVISAR,SI,"Evidencia: calificaciones,seguimiento; vigencia observada, no interpolada",Sólo DIFEM para carreras restringidas
DFI209,EMPRENDIMIENTO E INNOVACION SOCIAL (E/G),Minor en Emprendimiento,Electiva,2021-1,2021-1,COORDINACION DE FORMACIÓN GENERAL E IDIOMAS / Coordinación de Formación General e Idiomas,REVISAR,REVISAR,SI,"Evidencia: calificaciones,seguimiento; vigencia observada, no interpolada",Sólo DIFEM para carreras restringidas
DFI209,EMPRENDIMIENTO E INNOVACION SOCIAL (E/G),Minor en Emprendimiento,Electiva,2021-2,2021-2,COORDINACION DE FORMACIÓN GENERAL E IDIOMAS / Coordinación de Formación General e Idiomas,REVISAR,REVISAR,SI,"Evidencia: calificaciones,seguimiento; vigencia observada, no interpolada",Sólo DIFEM para carreras restringidas
DFI209,EMPRENDIMIENTO E INNOVACION SOCIAL (E/G),Minor en Emprendimiento,Electiva,2022-1,2022-1,COORDINACION DE FORMACIÓN GENERAL E IDIOMAS / Coordinación de Formación General e Idiomas,REVISAR,REVISAR,SI,"Evidencia: calificaciones,seguimiento; vigencia observada, no interpolada",Sólo DIFEM para carreras restringidas
DFI209,EMPRENDIMIENTO E INNOVACION SOCIAL (E/G),Minor en Emprendimiento,Electiva,2022-2,2022-2,COORDINACION DE FORMACIÓN GENERAL E IDIOMAS / Coordinación de Formación General e Idiomas,REVISAR,REVISAR,SI,"Evidencia: calificaciones,seguimiento; vigencia observada, no interpolada",Sólo DIFEM para carreras restringidas
DFI209,EMPRENDIMIENTO E INNOVACION SOCIAL (E/G),Minor en Emprendimiento,Electiva,2023-1,2023-1,COORDINACION DE FORMACIÓN GENERAL E IDIOMAS / Coordinación de Formación General e Idiomas,REVISAR,REVISAR,SI,"Evidencia: calificaciones,seguimiento; vigencia observada, no interpolada",Sólo DIFEM para carreras restringidas
DFI209,EMPRENDIMIENTO E INNOVACION SOCIAL (E/G),Minor en Emprendimiento,Electiva,2023-2,2023-2,COORDINACION DE FORMACIÓN GENERAL E IDIOMAS / Coordinación de Formación General e Idiomas,REVISAR,REVISAR,SI,"Evidencia: calificaciones,seguimiento; vigencia observada, no interpolada",Sólo DIFEM para carreras restringidas
DFI209,EMPRENDIMIENTO E INNOVACION SOCIAL (E/G),Minor en Emprendimiento,Electiva,2024-1,2024-1,COORDINACION DE FORMACIÓN GENERAL E IDIOMAS / Coordinación de Formación General e Idiomas,REVISAR,REVISAR,SI,"Evidencia: calificaciones,seguimiento; vigencia observada, no interpolada",Sólo DIFEM para carreras restringidas
DFI209,EMPRENDIMIENTO E INNOVACION SOCIAL (E/G),Minor en Emprendimiento,Electiva,2024-2,2024-2,COORDINACION DE FORMACIÓN GENERAL E IDIOMAS / Coordinación de Formación General e Idiomas,REVISAR,REVISAR,SI,"Evidencia: calificaciones,seguimiento; vigencia observada, no interpolada",Sólo DIFEM para carreras restringidas
DFI209,EMPRENDIMIENTO E INNOVACION SOCIAL (E/G),Minor en Emprendimiento,Electiva,2025-1,2025-1,COORDINACION DE FORMACIÓN GENERAL E IDIOMAS / Coordinación de Formación General e Idiomas,REVISAR,REVISAR,SI,"Evidencia: calificaciones,seguimiento; vigencia observada, no interpolada",Sólo DIFEM para carreras restringidas
DFI209,EMPRENDIMIENTO E INNOVACION SOCIAL (E/G),Minor en Emprendimiento,Electiva,2025-2,2025-2,COORDINACION DE FORMACIÓN GENERAL E IDIOMAS / Coordinación de Formación General e Idiomas,REVISAR,REVISAR,SI,"Evidencia: calificaciones,seguimiento; vigencia observada, no interpolada",Sólo DIFEM para carreras restringidas
DFI209,EMPRENDIMIENTO E INNOVACION SOCIAL (E/G),Minor en Emprendimiento,Electiva,2026-1,2026-1,COORDINACION DE FORMACIÓN GENERAL E IDIOMAS,REVISAR,REVISAR,SI,"Evidencia: calificaciones; vigencia observada, no interpolada",Sólo DIFEM para carreras restringidas
DFI211,GESTION DE PROYECTOS (E/G),Minor en Emprendimiento,Electiva,2019-1,2019-1,COORDINACION DE FORMACIÓN GENERAL E IDIOMAS / Coordinación de Formación General e Idiomas,REVISAR,REVISAR,SI,"Evidencia: calificaciones,seguimiento; vigencia observada, no interpolada",Sólo DIFEM para carreras restringidas
DFI211,GESTION DE PROYECTOS (E/G),Minor en Emprendimiento,Electiva,2019-2,2019-2,COORDINACION DE FORMACIÓN GENERAL E IDIOMAS / Coordinación de Formación General e Idiomas,REVISAR,REVISAR,SI,"Evidencia: calificaciones,seguimiento; vigencia observada, no interpolada",Sólo DIFEM para carreras restringidas
DFI211,GESTION DE PROYECTOS (E/G),Minor en Emprendimiento,Electiva,2020-1,2020-1,COORDINACION DE FORMACIÓN GENERAL E IDIOMAS / Coordinación de Formación General e Idiomas,REVISAR,REVISAR,SI,"Evidencia: calificaciones,seguimiento; vigencia observada, no interpolada",Sólo DIFEM para carreras restringidas
DFI211,GESTION DE PROYECTOS (E/G),Minor en Emprendimiento,Electiva,2020-2,2020-2,COORDINACION DE FORMACIÓN GENERAL E IDIOMAS / Coordinación de Formación General e Idiomas,REVISAR,REVISAR,SI,"Evidencia: calificaciones,seguimiento; vigencia observada, no interpolada",Sólo DIFEM para carreras restringidas
DFI211,GESTION DE PROYECTOS (E/G),Minor en Emprendimiento,Electiva,2021-1,2021-1,COORDINACION DE FORMACIÓN GENERAL E IDIOMAS,REVISAR,REVISAR,SI,"Evidencia: calificaciones; vigencia observada, no interpolada",Sólo DIFEM para carreras restringidas
DFI211,GESTION DE PROYECTOS (E/G),Minor en Emprendimiento,Electiva,2021-2,2021-2,COORDINACION DE FORMACIÓN GENERAL E IDIOMAS,REVISAR,REVISAR,SI,"Evidencia: calificaciones; vigencia observada, no interpolada",Sólo DIFEM para carreras restringidas
DFI211,GESTION DE PROYECTOS (E/G),Minor en Emprendimiento,Electiva,2022-1,2022-1,COORDINACION DE FORMACIÓN GENERAL E IDIOMAS / Coordinación de Formación General e Idiomas,REVISAR,REVISAR,SI,"Evidencia: calificaciones,seguimiento; vigencia observada, no interpolada",Sólo DIFEM para carreras restringidas
DFI211,GESTION DE PROYECTOS (E/G),Minor en Emprendimiento,Electiva,2022-2,2022-2,COORDINACION DE FORMACIÓN GENERAL E IDIOMAS / Coordinación de Formación General e Idiomas,REVISAR,REVISAR,SI,"Evidencia: calificaciones,seguimiento; vigencia observada, no interpolada",Sólo DIFEM para carreras restringidas
DFI211,GESTION DE PROYECTOS (E/G),Minor en Emprendimiento,Electiva,2023-1,2023-1,COORDINACION DE FORMACIÓN GENERAL E IDIOMAS / Coordinación de Formación General e Idiomas,REVISAR,REVISAR,SI,"Evidencia: calificaciones,seguimiento; vigencia observada, no interpolada",Sólo DIFEM para carreras restringidas
DFI211,GESTION DE PROYECTOS (E/G),Minor en Emprendimiento,Electiva,2023-2,2023-2,COORDINACION DE FORMACIÓN GENERAL E IDIOMAS / Coordinación de Formación General e Idiomas,REVISAR,REVISAR,SI,"Evidencia: calificaciones,seguimiento; vigencia observada, no interpolada",Sólo DIFEM para carreras restringidas
DFI211,GESTION DE PROYECTOS (E/G),Minor en Emprendimiento,Electiva,2024-1,2024-1,COORDINACION DE FORMACIÓN GENERAL E IDIOMAS / Coordinación de Formación General e Idiomas,REVISAR,REVISAR,SI,"Evidencia: calificaciones,seguimiento; vigencia observada, no interpolada",Sólo DIFEM para carreras restringidas
DFI211,GESTION DE PROYECTOS (E/G),Minor en Emprendimiento,Electiva,2024-2,2024-2,COORDINACION DE FORMACIÓN GENERAL E IDIOMAS / Coordinación de Formación General e Idiomas,REVISAR,REVISAR,SI,"Evidencia: calificaciones,seguimiento; vigencia observada, no interpolada",Sólo DIFEM para carreras restringidas
DFI211,GESTION DE PROYECTOS (E/G),Minor en Emprendimiento,Electiva,2025-1,2025-1,COORDINACION DE FORMACIÓN GENERAL E IDIOMAS / Coordinación de Formación General e Idiomas,REVISAR,REVISAR,SI,"Evidencia: calificaciones,seguimiento; vigencia observada, no interpolada",Sólo DIFEM para carreras restringidas
DFI211,GESTION DE PROYECTOS (E/G),Minor en Emprendimiento,Electiva,2025-2,2025-2,COORDINACION DE FORMACIÓN GENERAL E IDIOMAS / Coordinación de Formación General e Idiomas,REVISAR,REVISAR,SI,"Evidencia: calificaciones,seguimiento; vigencia observada, no interpolada",Sólo DIFEM para carreras restringidas
DFI211,GESTION DE PROYECTOS (E/G),Minor en Emprendimiento,Electiva,2026-1,2026-1,COORDINACION DE FORMACIÓN GENERAL E IDIOMAS,REVISAR,REVISAR,SI,"Evidencia: calificaciones; vigencia observada, no interpolada",Sólo DIFEM para carreras restringidas
IAE032,CONTABILIDAD I,Minor en Emprendimiento,Electiva,2015-1,2015-1,DEPARTAMENTO DE ADMINISTRACION Y ECONOMIA,NO,NO,SI,"Evidencia: calificaciones; vigencia observada, no interpolada",Sólo DIFEM para carreras restringidas
IAE032,CONTABILIDAD I,Minor en Emprendimiento,Electiva,2015-2,2015-2,DEPARTAMENTO DE ADMINISTRACION Y ECONOMIA,NO,NO,SI,"Evidencia: calificaciones; vigencia observada, no interpolada",Sólo DIFEM para carreras restringidas
IAE032,CONTABILIDAD I,Minor en Emprendimiento,Electiva,2016-1,2016-1,DEPARTAMENTO DE ADMINISTRACION Y ECONOMIA,NO,NO,SI,"Evidencia: calificaciones; vigencia observada, no interpolada",Sólo DIFEM para carreras restringidas
IAE032,CONTABILIDAD I,Minor en Emprendimiento,Electiva,2016-2,2016-2,DEPARTAMENTO DE ADMINISTRACION Y ECONOMIA,NO,NO,SI,"Evidencia: calificaciones; vigencia observada, no interpolada",Sólo DIFEM para carreras restringidas
IAE032,CONTABILIDAD I,Minor en Emprendimiento,Electiva,2017-1,2017-1,DEPARTAMENTO DE ADMINISTRACION Y ECONOMIA,NO,NO,SI,"Evidencia: calificaciones; vigencia observada, no interpolada",Sólo DIFEM para carreras restringidas
IAE032,CONTABILIDAD I,Minor en Emprendimiento,Electiva,2017-2,2017-2,DEPARTAMENTO DE ADMINISTRACION Y ECONOMIA,NO,NO,SI,"Evidencia: calificaciones; vigencia observada, no interpolada",Sólo DIFEM para carreras restringidas
IAE032,CONTABILIDAD I,Minor en Emprendimiento,Electiva,2018-1,2018-1,DEPARTAMENTO DE ADMINISTRACION Y ECONOMIA,NO,NO,SI,"Evidencia: calificaciones; vigencia observada, no interpolada",Sólo DIFEM para carreras restringidas
IAE032,CONTABILIDAD I,Minor en Emprendimiento,Electiva,2018-2,2018-2,DEPARTAMENTO DE ADMINISTRACION Y ECONOMIA,NO,NO,SI,"Evidencia: calificaciones; vigencia observada, no interpolada",Sólo DIFEM para carreras restringidas
IAE032,CONTABILIDAD I,Minor en Emprendimiento,Electiva,2019-1,2019-1,DEPARTAMENTO DE ADMINISTRACION Y ECONOMIA,NO,NO,SI,"Evidencia: calificaciones; vigencia observada, no interpolada",Sólo DIFEM para carreras restringidas
IAE032,CONTABILIDAD I,Minor en Emprendimiento,Electiva,2020-1,2020-1,DEPARTAMENTO DE ADMINISTRACION Y ECONOMIA,NO,NO,SI,"Evidencia: calificaciones; vigencia observada, no interpolada",Sólo DIFEM para carreras restringidas
IAE032,CONTABILIDAD I,Minor en Emprendimiento,Electiva,2021-1,2021-1,DEPARTAMENTO DE ADMINISTRACION Y ECONOMIA,NO,NO,SI,"Evidencia: calificaciones; vigencia observada, no interpolada",Sólo DIFEM para carreras restringidas
IAE032,CONTABILIDAD I,Minor en Emprendimiento,Electiva,2022-1,2022-1,DEPARTAMENTO DE ADMINISTRACION Y ECONOMIA,NO,NO,SI,"Evidencia: calificaciones; vigencia observada, no interpolada",Sólo DIFEM para carreras restringidas
IAE032,CONTABILIDAD I,Minor en Emprendimiento,Electiva,2023-1,2023-1,DEPARTAMENTO DE ADMINISTRACION Y ECONOMIA,NO,NO,SI,"Evidencia: calificaciones; vigencia observada, no interpolada",Sólo DIFEM para carreras restringidas
IAE032,CONTABILIDAD I,Minor en Emprendimiento,Electiva,2024-1,2024-1,DEPARTAMENTO DE ADMINISTRACION Y ECONOMIA,NO,NO,SI,"Evidencia: calificaciones; vigencia observada, no interpolada",Sólo DIFEM para carreras restringidas
IAE032,CONTABILIDAD I,Minor en Emprendimiento,Electiva,2025-1,2025-1,DEPARTAMENTO DE ADMINISTRACION Y ECONOMIA,NO,NO,SI,"Evidencia: calificaciones; vigencia observada, no interpolada",Sólo DIFEM para carreras restringidas
IAE032,CONTABILIDAD I,Minor en Emprendimiento,Electiva,2026-1,2026-1,DEPARTAMENTO DE ADMINISTRACION Y ECONOMIA,NO,NO,SI,"Evidencia: calificaciones; vigencia observada, no interpolada",Sólo DIFEM para carreras restringidas
IAE087,ASPECTOS JURIDICOS DE LA EMPRESA,Minor en Emprendimiento,Electiva,2015-1,2015-1,DEPARTAMENTO DE ADMINISTRACION Y ECONOMIA,NO,NO,SI,"Evidencia: calificaciones; vigencia observada, no interpolada",Sólo DIFEM para carreras restringidas
IAE087,ASPECTOS JURIDICOS DE LA EMPRESA,Minor en Emprendimiento,Electiva,2015-2,2015-2,DEPARTAMENTO DE ADMINISTRACION Y ECONOMIA,NO,NO,SI,"Evidencia: calificaciones; vigencia observada, no interpolada",Sólo DIFEM para carreras restringidas
IAE087,ASPECTOS JURIDICOS DE LA EMPRESA,Minor en Emprendimiento,Electiva,2016-1,2016-1,DEPARTAMENTO DE ADMINISTRACION Y ECONOMIA,NO,NO,SI,"Evidencia: calificaciones; vigencia observada, no interpolada",Sólo DIFEM para carreras restringidas
IAE087,ASPECTOS JURIDICOS DE LA EMPRESA,Minor en Emprendimiento,Electiva,2016-2,2016-2,DEPARTAMENTO DE ADMINISTRACION Y ECONOMIA,NO,NO,SI,"Evidencia: calificaciones; vigencia observada, no interpolada",Sólo DIFEM para carreras restringidas
IAE087,ASPECTOS JURIDICOS DE LA EMPRESA,Minor en Emprendimiento,Electiva,2017-1,2017-1,DEPARTAMENTO DE ADMINISTRACION Y ECONOMIA,NO,NO,SI,"Evidencia: calificaciones; vigencia observada, no interpolada",Sólo DIFEM para carreras restringidas
IAE087,ASPECTOS JURIDICOS DE LA EMPRESA,Minor en Emprendimiento,Electiva,2017-2,2017-2,DEPARTAMENTO DE ADMINISTRACION Y ECONOMIA,NO,NO,SI,"Evidencia: calificaciones; vigencia observada, no interpolada",Sólo DIFEM para carreras restringidas
IAE087,ASPECTOS JURIDICOS DE LA EMPRESA,Minor en Emprendimiento,Electiva,2018-1,2018-1,DEPARTAMENTO DE ADMINISTRACION Y ECONOMIA,NO,NO,SI,"Evidencia: calificaciones; vigencia observada, no interpolada",Sólo DIFEM para carreras restringidas
IAE087,ASPECTOS JURIDICOS DE LA EMPRESA,Minor en Emprendimiento,Electiva,2018-2,2018-2,DEPARTAMENTO DE ADMINISTRACION Y ECONOMIA,NO,NO,SI,"Evidencia: calificaciones; vigencia observada, no interpolada",Sólo DIFEM para carreras restringidas
IAE087,ASPECTOS JURIDICOS DE LA EMPRESA,Minor en Emprendimiento,Electiva,2019-2,2019-2,DEPARTAMENTO DE ADMINISTRACION Y ECONOMIA,NO,NO,SI,"Evidencia: calificaciones; vigencia observada, no interpolada",Sólo DIFEM para carreras restringidas
IAE087,ASPECTOS JURIDICOS DE LA EMPRESA,Minor en Emprendimiento,Electiva,2020-1,2020-1,DEPARTAMENTO DE ADMINISTRACION Y ECONOMIA,NO,NO,SI,"Evidencia: calificaciones; vigencia observada, no interpolada",Sólo DIFEM para carreras restringidas
IAE087,ASPECTOS JURIDICOS DE LA EMPRESA,Minor en Emprendimiento,Electiva,2020-2,2020-2,DEPARTAMENTO DE ADMINISTRACION Y ECONOMIA,NO,NO,SI,"Evidencia: calificaciones; vigencia observada, no interpolada",Sólo DIFEM para carreras restringidas
IAE087,ASPECTOS JURIDICOS DE LA EMPRESA,Minor en Emprendimiento,Electiva,2021-2,2021-2,DEPARTAMENTO DE ADMINISTRACION Y ECONOMIA,NO,NO,SI,"Evidencia: calificaciones; vigencia observada, no interpolada",Sólo DIFEM para carreras restringidas
IAE087,ASPECTOS JURIDICOS DE LA EMPRESA,Minor en Emprendimiento,Electiva,2022-2,2022-2,DEPARTAMENTO DE ADMINISTRACION Y ECONOMIA,NO,NO,SI,"Evidencia: calificaciones; vigencia observada, no interpolada",Sólo DIFEM para carreras restringidas
IAE087,ASPECTOS JURIDICOS DE LA EMPRESA,Minor en Emprendimiento,Electiva,2023-2,2023-2,DEPARTAMENTO DE ADMINISTRACION Y ECONOMIA,NO,NO,SI,"Evidencia: calificaciones; vigencia observada, no interpolada",Sólo DIFEM para carreras restringidas
IAE087,ASPECTOS JURIDICOS DE LA EMPRESA,Minor en Emprendimiento,Electiva,2024-1,2024-1,DEPARTAMENTO DE ADMINISTRACION Y ECONOMIA,NO,NO,SI,"Evidencia: calificaciones; vigencia observada, no interpolada",Sólo DIFEM para carreras restringidas
IAE087,ASPECTOS JURIDICOS DE LA EMPRESA,Minor en Emprendimiento,Electiva,2024-2,2024-2,DEPARTAMENTO DE ADMINISTRACION Y ECONOMIA,NO,NO,SI,"Evidencia: calificaciones; vigencia observada, no interpolada",Sólo DIFEM para carreras restringidas
IAE087,ASPECTOS JURIDICOS DE LA EMPRESA,Minor en Emprendimiento,Electiva,2025-2,2025-2,DEPARTAMENTO DE ADMINISTRACION Y ECONOMIA / Departamento de Administración y Economía,NO,NO,SI,"Evidencia: calificaciones,seguimiento; vigencia observada, no interpolada",Sólo DIFEM para carreras restringidas
IAE087,ASPECTOS JURIDICOS DE LA EMPRESA,Minor en Emprendimiento,Electiva,2026-1,2026-1,DEPARTAMENTO DE ADMINISTRACION Y ECONOMIA,NO,NO,SI,"Evidencia: calificaciones; vigencia observada, no interpolada",Sólo DIFEM para carreras restringidas
IAE114,INTRODUCCION AL MEDIO EMPRESARIAL,Minor en Emprendimiento,Electiva,2015-1,2015-1,DEPARTAMENTO DE ADMINISTRACION Y ECONOMIA,NO,NO,SI,"Evidencia: calificaciones; vigencia observada, no interpolada",Sólo DIFEM para carreras restringidas
IAE114,INTRODUCCION AL MEDIO EMPRESARIAL,Minor en Emprendimiento,Electiva,2016-1,2016-1,DEPARTAMENTO DE ADMINISTRACION Y ECONOMIA,NO,NO,SI,"Evidencia: calificaciones; vigencia observada, no interpolada",Sólo DIFEM para carreras restringidas
IAE114,INTRODUCCION AL MEDIO EMPRESARIAL,Minor en Emprendimiento,Electiva,2017-1,2017-1,DEPARTAMENTO DE ADMINISTRACION Y ECONOMIA,NO,NO,SI,"Evidencia: calificaciones; vigencia observada, no interpolada",Sólo DIFEM para carreras restringidas
IAE114,INTRODUCCION AL MEDIO EMPRESARIAL,Minor en Emprendimiento,Electiva,2018-1,2018-1,DEPARTAMENTO DE ADMINISTRACION Y ECONOMIA,NO,NO,SI,"Evidencia: calificaciones; vigencia observada, no interpolada",Sólo DIFEM para carreras restringidas
IAE114,INTRODUCCION AL MEDIO EMPRESARIAL,Minor en Emprendimiento,Electiva,2019-1,2019-1,DEPARTAMENTO DE ADMINISTRACION Y ECONOMIA,NO,NO,SI,"Evidencia: calificaciones; vigencia observada, no interpolada",Sólo DIFEM para carreras restringidas
IAE114,INTRODUCCION AL MEDIO EMPRESARIAL,Minor en Emprendimiento,Electiva,2020-1,2020-1,DEPARTAMENTO DE ADMINISTRACION Y ECONOMIA,NO,NO,SI,"Evidencia: calificaciones; vigencia observada, no interpolada",Sólo DIFEM para carreras restringidas
IAE114,INTRODUCCION AL MEDIO EMPRESARIAL,Minor en Emprendimiento,Electiva,2021-1,2021-1,DEPARTAMENTO DE ADMINISTRACION Y ECONOMIA,NO,NO,SI,"Evidencia: calificaciones; vigencia observada, no interpolada",Sólo DIFEM para carreras restringidas
IAE114,INTRODUCCION AL MEDIO EMPRESARIAL,Minor en Emprendimiento,Electiva,2022-1,2022-1,DEPARTAMENTO DE ADMINISTRACION Y ECONOMIA,NO,NO,SI,"Evidencia: calificaciones; vigencia observada, no interpolada",Sólo DIFEM para carreras restringidas
IAE114,INTRODUCCION AL MEDIO EMPRESARIAL,Minor en Emprendimiento,Electiva,2023-1,2023-1,DEPARTAMENTO DE ADMINISTRACION Y ECONOMIA,NO,NO,SI,"Evidencia: calificaciones; vigencia observada, no interpolada",Sólo DIFEM para carreras restringidas
IAE145,EMPRENDIMIENTO STARTUP (E/G),Minor en Emprendimiento,Troncal,2015-1,2015-1,DEPARTAMENTO DE ADMINISTRACION Y ECONOMIA / Departamento de Administración y Economía,NO,NO,SI,"Evidencia: calificaciones,seguimiento; vigencia observada, no interpolada",Sólo DIFEM para carreras restringidas
IAE145,EMPRENDIMIENTO STARTUP (E/G),Minor en Emprendimiento,Troncal,2015-2,2015-2,DEPARTAMENTO DE ADMINISTRACION Y ECONOMIA / Departamento de Administración y Economía,NO,NO,SI,"Evidencia: calificaciones,seguimiento; vigencia observada, no interpolada",Sólo DIFEM para carreras restringidas
IAE145,EMPRENDIMIENTO STARTUP (E/G),Minor en Emprendimiento,Troncal,2016-1,2016-1,DEPARTAMENTO DE ADMINISTRACION Y ECONOMIA / Departamento de Administración y Economía,NO,NO,SI,"Evidencia: calificaciones,seguimiento; vigencia observada, no interpolada",Sólo DIFEM para carreras restringidas
IAE145,EMPRENDIMIENTO STARTUP (E/G),Minor en Emprendimiento,Troncal,2016-2,2016-2,DEPARTAMENTO DE ADMINISTRACION Y ECONOMIA / Departamento de Administración y Economía,NO,NO,SI,"Evidencia: calificaciones,seguimiento; vigencia observada, no interpolada",Sólo DIFEM para carreras restringidas
IAE145,EMPRENDIMIENTO STARTUP (E/G),Minor en Emprendimiento,Troncal,2017-1,2017-1,DEPARTAMENTO DE ADMINISTRACION Y ECONOMIA / Departamento de Administración y Economía,NO,NO,SI,"Evidencia: calificaciones,seguimiento; vigencia observada, no interpolada",Sólo DIFEM para carreras restringidas
IAE145,EMPRENDIMIENTO STARTUP (E/G),Minor en Emprendimiento,Troncal,2017-2,2017-2,DEPARTAMENTO DE ADMINISTRACION Y ECONOMIA / Departamento de Administración y Economía,NO,NO,SI,"Evidencia: calificaciones,seguimiento; vigencia observada, no interpolada",Sólo DIFEM para carreras restringidas
IAE145,EMPRENDIMIENTO STARTUP (E/G),Minor en Emprendimiento,Troncal,2018-1,2018-1,DEPARTAMENTO DE ADMINISTRACION Y ECONOMIA / Departamento de Administración y Economía,NO,NO,SI,"Evidencia: calificaciones,seguimiento; vigencia observada, no interpolada",Sólo DIFEM para carreras restringidas
IAE145,EMPRENDIMIENTO STARTUP (E/G),Minor en Emprendimiento,Troncal,2018-2,2018-2,DEPARTAMENTO DE ADMINISTRACION Y ECONOMIA / Departamento de Administración y Economía,NO,NO,SI,"Evidencia: calificaciones,seguimiento; vigencia observada, no interpolada",Sólo DIFEM para carreras restringidas
IAE145,EMPRENDIMIENTO STARTUP (E/G),Minor en Emprendimiento,Troncal,2019-1,2019-1,DEPARTAMENTO DE ADMINISTRACION Y ECONOMIA / Departamento de Administración y Economía,NO,NO,SI,"Evidencia: calificaciones,seguimiento; vigencia observada, no interpolada",Sólo DIFEM para carreras restringidas
IAE145,EMPRENDIMIENTO STARTUP (E/G),Minor en Emprendimiento,Troncal,2019-2,2019-2,DEPARTAMENTO DE ADMINISTRACION Y ECONOMIA / Departamento de Administración y Economía,NO,NO,SI,"Evidencia: calificaciones,seguimiento; vigencia observada, no interpolada",Sólo DIFEM para carreras restringidas
IAE145,EMPRENDIMIENTO STARTUP (E/G),Minor en Emprendimiento,Troncal,2020-1,2020-1,DEPARTAMENTO DE ADMINISTRACION Y ECONOMIA / Departamento de Administración y Economía,NO,NO,SI,"Evidencia: calificaciones,seguimiento; vigencia observada, no interpolada",Sólo DIFEM para carreras restringidas
IAE145,EMPRENDIMIENTO STARTUP (E/G),Minor en Emprendimiento,Troncal,2020-2,2020-2,DEPARTAMENTO DE ADMINISTRACION Y ECONOMIA / Departamento de Administración y Economía,NO,NO,SI,"Evidencia: calificaciones,seguimiento; vigencia observada, no interpolada",Sólo DIFEM para carreras restringidas
IAE145,EMPRENDIMIENTO STARTUP (E/G),Minor en Emprendimiento,Troncal,2021-1,2021-1,DEPARTAMENTO DE ADMINISTRACION Y ECONOMIA / Departamento de Administración y Economía,NO,NO,SI,"Evidencia: calificaciones,seguimiento; vigencia observada, no interpolada",Sólo DIFEM para carreras restringidas
IAE145,EMPRENDIMIENTO STARTUP (E/G),Minor en Emprendimiento,Troncal,2021-2,2021-2,DEPARTAMENTO DE ADMINISTRACION Y ECONOMIA / Departamento de Administración y Economía,NO,NO,SI,"Evidencia: calificaciones,seguimiento; vigencia observada, no interpolada",Sólo DIFEM para carreras restringidas
IAE145,EMPRENDIMIENTO STARTUP (E/G),Minor en Emprendimiento,Troncal,2022-1,2022-1,DEPARTAMENTO DE ADMINISTRACION Y ECONOMIA / Departamento de Administración y Economía,NO,NO,SI,"Evidencia: calificaciones,seguimiento; vigencia observada, no interpolada",Sólo DIFEM para carreras restringidas
IAE145,EMPRENDIMIENTO STARTUP (E/G),Minor en Emprendimiento,Troncal,2022-2,2022-2,DEPARTAMENTO DE ADMINISTRACION Y ECONOMIA / Departamento de Administración y Economía,NO,NO,SI,"Evidencia: calificaciones,seguimiento; vigencia observada, no interpolada",Sólo DIFEM para carreras restringidas
IAE145,EMPRENDIMIENTO STARTUP (E/G),Minor en Emprendimiento,Troncal,2023-1,2023-1,DEPARTAMENTO DE ADMINISTRACION Y ECONOMIA / Departamento de Administración y Economía,NO,NO,SI,"Evidencia: calificaciones,seguimiento; vigencia observada, no interpolada",Sólo DIFEM para carreras restringidas
IAE145,EMPRENDIMIENTO STARTUP (E/G),Minor en Emprendimiento,Troncal,2023-2,2023-2,DEPARTAMENTO DE ADMINISTRACION Y ECONOMIA / Departamento de Administración y Economía,NO,NO,SI,"Evidencia: calificaciones,seguimiento; vigencia observada, no interpolada",Sólo DIFEM para carreras restringidas
IAE145,EMPRENDIMIENTO STARTUP (E/G),Minor en Emprendimiento,Troncal,2024-1,2024-1,DEPARTAMENTO DE ADMINISTRACION Y ECONOMIA / Departamento de Administración y Economía,NO,NO,SI,"Evidencia: calificaciones,seguimiento; vigencia observada, no interpolada",Sólo DIFEM para carreras restringidas
IAE145,EMPRENDIMIENTO STARTUP (E/G),Minor en Emprendimiento,Troncal,2024-2,2024-2,DEPARTAMENTO DE ADMINISTRACION Y ECONOMIA / Departamento de Administración y Economía,NO,NO,SI,"Evidencia: calificaciones,seguimiento; vigencia observada, no interpolada",Sólo DIFEM para carreras restringidas
IAE145,EMPRENDIMIENTO STARTUP (E/G),Minor en Emprendimiento,Troncal,2025-1,2025-1,DEPARTAMENTO DE ADMINISTRACION Y ECONOMIA / Departamento de Administración y Economía,NO,NO,SI,"Evidencia: calificaciones,seguimiento; vigencia observada, no interpolada",Sólo DIFEM para carreras restringidas
IAE145,EMPRENDIMIENTO STARTUP (E/G),Minor en Emprendimiento,Troncal,2025-2,2025-2,DEPARTAMENTO DE ADMINISTRACION Y ECONOMIA / Departamento de Administración y Economía,NO,NO,SI,"Evidencia: calificaciones,seguimiento; vigencia observada, no interpolada",Sólo DIFEM para carreras restringidas
IAE145,EMPRENDIMIENTO STARTUP (E/G),Minor en Emprendimiento,Troncal,2026-1,2026-1,DEPARTAMENTO DE ADMINISTRACION Y ECONOMIA,NO,NO,SI,"Evidencia: calificaciones; vigencia observada, no interpolada",Sólo DIFEM para carreras restringidas
IAE264,LEGISLACION LABORAL Y PREVISIONAL,Minor en Emprendimiento,Electiva,2015-1,2015-1,DEPARTAMENTO DE ADMINISTRACION Y ECONOMIA,NO,NO,SI,"Evidencia: calificaciones; vigencia observada, no interpolada",Sólo DIFEM para carreras restringidas
IAE264,LEGISLACION LABORAL Y PREVISIONAL,Minor en Emprendimiento,Electiva,2015-2,2015-2,DEPARTAMENTO DE ADMINISTRACION Y ECONOMIA,NO,NO,SI,"Evidencia: calificaciones; vigencia observada, no interpolada",Sólo DIFEM para carreras restringidas
IAE264,LEGISLACION LABORAL Y PREVISIONAL,Minor en Emprendimiento,Electiva,2016-1,2016-1,DEPARTAMENTO DE ADMINISTRACION Y ECONOMIA,NO,NO,SI,"Evidencia: calificaciones; vigencia observada, no interpolada",Sólo DIFEM para carreras restringidas
IAE264,LEGISLACION LABORAL Y PREVISIONAL,Minor en Emprendimiento,Electiva,2016-2,2016-2,DEPARTAMENTO DE ADMINISTRACION Y ECONOMIA,NO,NO,SI,"Evidencia: calificaciones; vigencia observada, no interpolada",Sólo DIFEM para carreras restringidas
IAE264,LEGISLACION LABORAL Y PREVISIONAL,Minor en Emprendimiento,Electiva,2017-1,2017-1,DEPARTAMENTO DE ADMINISTRACION Y ECONOMIA,NO,NO,SI,"Evidencia: calificaciones; vigencia observada, no interpolada",Sólo DIFEM para carreras restringidas
IAE264,LEGISLACION LABORAL Y PREVISIONAL,Minor en Emprendimiento,Electiva,2017-2,2017-2,DEPARTAMENTO DE ADMINISTRACION Y ECONOMIA,NO,NO,SI,"Evidencia: calificaciones; vigencia observada, no interpolada",Sólo DIFEM para carreras restringidas
IAE264,LEGISLACION LABORAL Y PREVISIONAL,Minor en Emprendimiento,Electiva,2018-1,2018-1,DEPARTAMENTO DE ADMINISTRACION Y ECONOMIA,NO,NO,SI,"Evidencia: calificaciones; vigencia observada, no interpolada",Sólo DIFEM para carreras restringidas
IAE264,LEGISLACION LABORAL Y PREVISIONAL,Minor en Emprendimiento,Electiva,2018-2,2018-2,DEPARTAMENTO DE ADMINISTRACION Y ECONOMIA,NO,NO,SI,"Evidencia: calificaciones; vigencia observada, no interpolada",Sólo DIFEM para carreras restringidas
IAE264,LEGISLACION LABORAL Y PREVISIONAL,Minor en Emprendimiento,Electiva,2019-2,2019-2,DEPARTAMENTO DE ADMINISTRACION Y ECONOMIA,NO,NO,SI,"Evidencia: calificaciones; vigencia observada, no interpolada",Sólo DIFEM para carreras restringidas
IAE264,LEGISLACION LABORAL Y PREVISIONAL,Minor en Emprendimiento,Electiva,2020-1,2020-1,DEPARTAMENTO DE ADMINISTRACION Y ECONOMIA,NO,NO,SI,"Evidencia: calificaciones; vigencia observada, no interpolada",Sólo DIFEM para carreras restringidas
IAE264,LEGISLACION LABORAL Y PREVISIONAL,Minor en Emprendimiento,Electiva,2020-2,2020-2,DEPARTAMENTO DE ADMINISTRACION Y ECONOMIA,NO,NO,SI,"Evidencia: calificaciones; vigencia observada, no interpolada",Sólo DIFEM para carreras restringidas
IAE264,LEGISLACION LABORAL Y PREVISIONAL,Minor en Emprendimiento,Electiva,2021-2,2021-2,DEPARTAMENTO DE ADMINISTRACION Y ECONOMIA,NO,NO,SI,"Evidencia: calificaciones; vigencia observada, no interpolada",Sólo DIFEM para carreras restringidas
IAE264,LEGISLACION LABORAL Y PREVISIONAL,Minor en Emprendimiento,Electiva,2022-1,2022-1,DEPARTAMENTO DE ADMINISTRACION Y ECONOMIA,NO,NO,SI,"Evidencia: calificaciones; vigencia observada, no interpolada",Sólo DIFEM para carreras restringidas
IAE307,TRIBUTACIÓN EMPRESARIAL,Minor en Emprendimiento,Electiva,2015-1,2015-1,DEPARTAMENTO DE ADMINISTRACION Y ECONOMIA,NO,NO,SI,"Evidencia: calificaciones; vigencia observada, no interpolada",Sólo DIFEM para carreras restringidas
IAE307,TRIBUTACIÓN EMPRESARIAL,Minor en Emprendimiento,Electiva,2015-2,2015-2,DEPARTAMENTO DE ADMINISTRACION Y ECONOMIA,NO,NO,SI,"Evidencia: calificaciones; vigencia observada, no interpolada",Sólo DIFEM para carreras restringidas
IAE307,TRIBUTACIÓN EMPRESARIAL,Minor en Emprendimiento,Electiva,2016-1,2016-1,DEPARTAMENTO DE ADMINISTRACION Y ECONOMIA,NO,NO,SI,"Evidencia: calificaciones; vigencia observada, no interpolada",Sólo DIFEM para carreras restringidas
IAE307,TRIBUTACIÓN EMPRESARIAL,Minor en Emprendimiento,Electiva,2016-2,2016-2,DEPARTAMENTO DE ADMINISTRACION Y ECONOMIA,NO,NO,SI,"Evidencia: calificaciones; vigencia observada, no interpolada",Sólo DIFEM para carreras restringidas
IAE307,TRIBUTACIÓN EMPRESARIAL,Minor en Emprendimiento,Electiva,2017-1,2017-1,DEPARTAMENTO DE ADMINISTRACION Y ECONOMIA,NO,NO,SI,"Evidencia: calificaciones; vigencia observada, no interpolada",Sólo DIFEM para carreras restringidas
IAE307,TRIBUTACIÓN EMPRESARIAL,Minor en Emprendimiento,Electiva,2017-2,2017-2,DEPARTAMENTO DE ADMINISTRACION Y ECONOMIA,NO,NO,SI,"Evidencia: calificaciones; vigencia observada, no interpolada",Sólo DIFEM para carreras restringidas
IAE307,TRIBUTACIÓN EMPRESARIAL,Minor en Emprendimiento,Electiva,2018-1,2018-1,DEPARTAMENTO DE ADMINISTRACION Y ECONOMIA,NO,NO,SI,"Evidencia: calificaciones; vigencia observada, no interpolada",Sólo DIFEM para carreras restringidas
IAE307,TRIBUTACIÓN EMPRESARIAL,Minor en Emprendimiento,Electiva,2018-2,2018-2,DEPARTAMENTO DE ADMINISTRACION Y ECONOMIA,NO,NO,SI,"Evidencia: calificaciones; vigencia observada, no interpolada",Sólo DIFEM para carreras restringidas
IAE307,TRIBUTACIÓN EMPRESARIAL,Minor en Emprendimiento,Electiva,2019-1,2019-1,DEPARTAMENTO DE ADMINISTRACION Y ECONOMIA,NO,NO,SI,"Evidencia: calificaciones; vigencia observada, no interpolada",Sólo DIFEM para carreras restringidas
IAE307,TRIBUTACIÓN EMPRESARIAL,Minor en Emprendimiento,Electiva,2019-2,2019-2,DEPARTAMENTO DE ADMINISTRACION Y ECONOMIA,NO,NO,SI,"Evidencia: calificaciones; vigencia observada, no interpolada",Sólo DIFEM para carreras restringidas
IAE307,TRIBUTACIÓN EMPRESARIAL,Minor en Emprendimiento,Electiva,2020-1,2020-1,DEPARTAMENTO DE ADMINISTRACION Y ECONOMIA,NO,NO,SI,"Evidencia: calificaciones; vigencia observada, no interpolada",Sólo DIFEM para carreras restringidas
IAE307,TRIBUTACIÓN EMPRESARIAL,Minor en Emprendimiento,Electiva,2021-2,2021-2,DEPARTAMENTO DE ADMINISTRACION Y ECONOMIA,NO,NO,SI,"Evidencia: calificaciones; vigencia observada, no interpolada",Sólo DIFEM para carreras restringidas
IAE307,TRIBUTACIÓN EMPRESARIAL,Minor en Emprendimiento,Electiva,2022-1,2022-1,DEPARTAMENTO DE ADMINISTRACION Y ECONOMIA,NO,NO,SI,"Evidencia: calificaciones; vigencia observada, no interpolada",Sólo DIFEM para carreras restringidas
IAE307,TRIBUTACIÓN EMPRESARIAL,Minor en Emprendimiento,Electiva,2022-2,2022-2,DEPARTAMENTO DE ADMINISTRACION Y ECONOMIA,NO,NO,SI,"Evidencia: calificaciones; vigencia observada, no interpolada",Sólo DIFEM para carreras restringidas
IAE307,TRIBUTACIÓN EMPRESARIAL,Minor en Emprendimiento,Electiva,2023-1,2023-1,DEPARTAMENTO DE ADMINISTRACION Y ECONOMIA,NO,NO,SI,"Evidencia: calificaciones; vigencia observada, no interpolada",Sólo DIFEM para carreras restringidas
IAE307,TRIBUTACIÓN EMPRESARIAL,Minor en Emprendimiento,Electiva,2023-2,2023-2,DEPARTAMENTO DE ADMINISTRACION Y ECONOMIA,NO,NO,SI,"Evidencia: calificaciones; vigencia observada, no interpolada",Sólo DIFEM para carreras restringidas
IAE307,TRIBUTACIÓN EMPRESARIAL,Minor en Emprendimiento,Electiva,2024-1,2024-1,DEPARTAMENTO DE ADMINISTRACION Y ECONOMIA,NO,NO,SI,"Evidencia: calificaciones; vigencia observada, no interpolada",Sólo DIFEM para carreras restringidas
IAE307,TRIBUTACIÓN EMPRESARIAL,Minor en Emprendimiento,Electiva,2024-2,2024-2,DEPARTAMENTO DE ADMINISTRACION Y ECONOMIA,NO,NO,SI,"Evidencia: calificaciones; vigencia observada, no interpolada",Sólo DIFEM para carreras restringidas
IAE307,TRIBUTACIÓN EMPRESARIAL,Minor en Emprendimiento,Electiva,2025-1,2025-1,DEPARTAMENTO DE ADMINISTRACION Y ECONOMIA,NO,NO,SI,"Evidencia: calificaciones; vigencia observada, no interpolada",Sólo DIFEM para carreras restringidas
IAE307,TRIBUTACIÓN EMPRESARIAL,Minor en Emprendimiento,Electiva,2025-2,2025-2,DEPARTAMENTO DE ADMINISTRACION Y ECONOMIA / Departamento de Administración y Economía,NO,NO,SI,"Evidencia: calificaciones,seguimiento; vigencia observada, no interpolada",Sólo DIFEM para carreras restringidas
IAE307,TRIBUTACIÓN EMPRESARIAL,Minor en Emprendimiento,Electiva,2026-1,2026-1,DEPARTAMENTO DE ADMINISTRACION Y ECONOMIA,NO,NO,SI,"Evidencia: calificaciones; vigencia observada, no interpolada",Sólo DIFEM para carreras restringidas
IAE322,INTRODUCCION AL DERECHO TRIBUTARIO,Minor en Emprendimiento,Electiva,2015-1,2015-1,DEPARTAMENTO DE ADMINISTRACION Y ECONOMIA,NO,NO,SI,"Evidencia: calificaciones; vigencia observada, no interpolada",Sólo DIFEM para carreras restringidas
IAE322,INTRODUCCION AL DERECHO TRIBUTARIO,Minor en Emprendimiento,Electiva,2015-2,2015-2,DEPARTAMENTO DE ADMINISTRACION Y ECONOMIA,NO,NO,SI,"Evidencia: calificaciones; vigencia observada, no interpolada",Sólo DIFEM para carreras restringidas
IAE322,INTRODUCCION AL DERECHO TRIBUTARIO,Minor en Emprendimiento,Electiva,2016-1,2016-1,DEPARTAMENTO DE ADMINISTRACION Y ECONOMIA,NO,NO,SI,"Evidencia: calificaciones; vigencia observada, no interpolada",Sólo DIFEM para carreras restringidas
IAE322,INTRODUCCION AL DERECHO TRIBUTARIO,Minor en Emprendimiento,Electiva,2016-2,2016-2,DEPARTAMENTO DE ADMINISTRACION Y ECONOMIA,NO,NO,SI,"Evidencia: calificaciones; vigencia observada, no interpolada",Sólo DIFEM para carreras restringidas
IAE322,INTRODUCCION AL DERECHO TRIBUTARIO,Minor en Emprendimiento,Electiva,2017-1,2017-1,DEPARTAMENTO DE ADMINISTRACION Y ECONOMIA,NO,NO,SI,"Evidencia: calificaciones; vigencia observada, no interpolada",Sólo DIFEM para carreras restringidas
IAE322,INTRODUCCION AL DERECHO TRIBUTARIO,Minor en Emprendimiento,Electiva,2017-2,2017-2,DEPARTAMENTO DE ADMINISTRACION Y ECONOMIA,NO,NO,SI,"Evidencia: calificaciones; vigencia observada, no interpolada",Sólo DIFEM para carreras restringidas
IAE322,INTRODUCCION AL DERECHO TRIBUTARIO,Minor en Emprendimiento,Electiva,2018-1,2018-1,DEPARTAMENTO DE ADMINISTRACION Y ECONOMIA,NO,NO,SI,"Evidencia: calificaciones; vigencia observada, no interpolada",Sólo DIFEM para carreras restringidas
IAE322,INTRODUCCION AL DERECHO TRIBUTARIO,Minor en Emprendimiento,Electiva,2018-2,2018-2,DEPARTAMENTO DE ADMINISTRACION Y ECONOMIA,NO,NO,SI,"Evidencia: calificaciones; vigencia observada, no interpolada",Sólo DIFEM para carreras restringidas
IAE322,INTRODUCCION AL DERECHO TRIBUTARIO,Minor en Emprendimiento,Electiva,2019-1,2019-1,DEPARTAMENTO DE ADMINISTRACION Y ECONOMIA,NO,NO,SI,"Evidencia: calificaciones; vigencia observada, no interpolada",Sólo DIFEM para carreras restringidas
IAE322,INTRODUCCION AL DERECHO TRIBUTARIO,Minor en Emprendimiento,Electiva,2019-2,2019-2,DEPARTAMENTO DE ADMINISTRACION Y ECONOMIA,NO,NO,SI,"Evidencia: calificaciones; vigencia observada, no interpolada",Sólo DIFEM para carreras restringidas
IAE322,INTRODUCCION AL DERECHO TRIBUTARIO,Minor en Emprendimiento,Electiva,2020-1,2020-1,DEPARTAMENTO DE ADMINISTRACION Y ECONOMIA,NO,NO,SI,"Evidencia: calificaciones; vigencia observada, no interpolada",Sólo DIFEM para carreras restringidas
IAE322,INTRODUCCION AL DERECHO TRIBUTARIO,Minor en Emprendimiento,Electiva,2020-2,2020-2,DEPARTAMENTO DE ADMINISTRACION Y ECONOMIA,NO,NO,SI,"Evidencia: calificaciones; vigencia observada, no interpolada",Sólo DIFEM para carreras restringidas
IAE322,INTRODUCCION AL DERECHO TRIBUTARIO,Minor en Emprendimiento,Electiva,2021-1,2021-1,DEPARTAMENTO DE ADMINISTRACION Y ECONOMIA,NO,NO,SI,"Evidencia: calificaciones; vigencia observada, no interpolada",Sólo DIFEM para carreras restringidas
IAE322,INTRODUCCION AL DERECHO TRIBUTARIO,Minor en Emprendimiento,Electiva,2021-2,2021-2,DEPARTAMENTO DE ADMINISTRACION Y ECONOMIA,NO,NO,SI,"Evidencia: calificaciones; vigencia observada, no interpolada",Sólo DIFEM para carreras restringidas
IAE322,INTRODUCCION AL DERECHO TRIBUTARIO,Minor en Emprendimiento,Electiva,2022-1,2022-1,DEPARTAMENTO DE ADMINISTRACION Y ECONOMIA,NO,NO,SI,"Evidencia: calificaciones; vigencia observada, no interpolada",Sólo DIFEM para carreras restringidas
IAE322,INTRODUCCION AL DERECHO TRIBUTARIO,Minor en Emprendimiento,Electiva,2022-2,2022-2,DEPARTAMENTO DE ADMINISTRACION Y ECONOMIA,NO,NO,SI,"Evidencia: calificaciones; vigencia observada, no interpolada",Sólo DIFEM para carreras restringidas
IAE333,MARKETING I,Minor en Emprendimiento,Electiva,2020-1,2020-1,DEPARTAMENTO DE ADMINISTRACION Y ECONOMIA,NO,NO,SI,"Evidencia: calificaciones; vigencia observada, no interpolada",Sólo DIFEM para carreras restringidas
IAE333,MARKETING I,Minor en Emprendimiento,Electiva,2020-2,2020-2,DEPARTAMENTO DE ADMINISTRACION Y ECONOMIA,NO,NO,SI,"Evidencia: calificaciones; vigencia observada, no interpolada",Sólo DIFEM para carreras restringidas
IAE333,MARKETING I,Minor en Emprendimiento,Electiva,2021-1,2021-1,DEPARTAMENTO DE ADMINISTRACION Y ECONOMIA,NO,NO,SI,"Evidencia: calificaciones; vigencia observada, no interpolada",Sólo DIFEM para carreras restringidas
IAE333,MARKETING I,Minor en Emprendimiento,Electiva,2021-2,2021-2,DEPARTAMENTO DE ADMINISTRACION Y ECONOMIA,NO,NO,SI,"Evidencia: calificaciones; vigencia observada, no interpolada",Sólo DIFEM para carreras restringidas
IAE333,MARKETING I,Minor en Emprendimiento,Electiva,2022-1,2022-1,DEPARTAMENTO DE ADMINISTRACION Y ECONOMIA,NO,NO,SI,"Evidencia: calificaciones; vigencia observada, no interpolada",Sólo DIFEM para carreras restringidas
IAE333,MARKETING I,Minor en Emprendimiento,Electiva,2022-2,2022-2,DEPARTAMENTO DE ADMINISTRACION Y ECONOMIA,NO,NO,SI,"Evidencia: calificaciones; vigencia observada, no interpolada",Sólo DIFEM para carreras restringidas
IAE333,MARKETING I,Minor en Emprendimiento,Electiva,2023-1,2023-1,DEPARTAMENTO DE ADMINISTRACION Y ECONOMIA,NO,NO,SI,"Evidencia: calificaciones; vigencia observada, no interpolada",Sólo DIFEM para carreras restringidas
IAE333,MARKETING I,Minor en Emprendimiento,Electiva,2023-2,2023-2,DEPARTAMENTO DE ADMINISTRACION Y ECONOMIA,NO,NO,SI,"Evidencia: calificaciones; vigencia observada, no interpolada",Sólo DIFEM para carreras restringidas
IAE333,MARKETING I,Minor en Emprendimiento,Electiva,2024-1,2024-1,DEPARTAMENTO DE ADMINISTRACION Y ECONOMIA,NO,NO,SI,"Evidencia: calificaciones; vigencia observada, no interpolada",Sólo DIFEM para carreras restringidas
IAE333,MARKETING I,Minor en Emprendimiento,Electiva,2024-2,2024-2,DEPARTAMENTO DE ADMINISTRACION Y ECONOMIA,NO,NO,SI,"Evidencia: calificaciones; vigencia observada, no interpolada",Sólo DIFEM para carreras restringidas
IAE333,MARKETING I,Minor en Emprendimiento,Electiva,2025-1,2025-1,DEPARTAMENTO DE ADMINISTRACION Y ECONOMIA,NO,NO,SI,"Evidencia: calificaciones; vigencia observada, no interpolada",Sólo DIFEM para carreras restringidas
IAE333,MARKETING I,Minor en Emprendimiento,Electiva,2025-2,2025-2,DEPARTAMENTO DE ADMINISTRACION Y ECONOMIA / Departamento de Administración y Economía,NO,NO,SI,"Evidencia: calificaciones,seguimiento; vigencia observada, no interpolada",Sólo DIFEM para carreras restringidas
IAE333,MARKETING I,Minor en Emprendimiento,Electiva,2026-1,2026-1,DEPARTAMENTO DE ADMINISTRACION Y ECONOMIA,NO,NO,SI,"Evidencia: calificaciones; vigencia observada, no interpolada",Sólo DIFEM para carreras restringidas
IAE354,ADMINISTRACION FINANCIERA,Minor en Emprendimiento,Electiva,2015-1,2015-1,DEPARTAMENTO DE ADMINISTRACION Y ECONOMIA,NO,NO,SI,"Evidencia: calificaciones; vigencia observada, no interpolada",Sólo DIFEM para carreras restringidas
IAE354,ADMINISTRACION FINANCIERA,Minor en Emprendimiento,Electiva,2015-2,2015-2,DEPARTAMENTO DE ADMINISTRACION Y ECONOMIA,NO,NO,SI,"Evidencia: calificaciones; vigencia observada, no interpolada",Sólo DIFEM para carreras restringidas
IAE354,ADMINISTRACION FINANCIERA,Minor en Emprendimiento,Electiva,2016-1,2016-1,DEPARTAMENTO DE ADMINISTRACION Y ECONOMIA,NO,NO,SI,"Evidencia: calificaciones; vigencia observada, no interpolada",Sólo DIFEM para carreras restringidas
IAE354,ADMINISTRACION FINANCIERA,Minor en Emprendimiento,Electiva,2016-2,2016-2,DEPARTAMENTO DE ADMINISTRACION Y ECONOMIA,NO,NO,SI,"Evidencia: calificaciones; vigencia observada, no interpolada",Sólo DIFEM para carreras restringidas
IAE354,ADMINISTRACION FINANCIERA,Minor en Emprendimiento,Electiva,2017-1,2017-1,DEPARTAMENTO DE ADMINISTRACION Y ECONOMIA,NO,NO,SI,"Evidencia: calificaciones; vigencia observada, no interpolada",Sólo DIFEM para carreras restringidas
IAE354,ADMINISTRACION FINANCIERA,Minor en Emprendimiento,Electiva,2017-2,2017-2,DEPARTAMENTO DE ADMINISTRACION Y ECONOMIA,NO,NO,SI,"Evidencia: calificaciones; vigencia observada, no interpolada",Sólo DIFEM para carreras restringidas
IAE354,ADMINISTRACION FINANCIERA,Minor en Emprendimiento,Electiva,2018-1,2018-1,DEPARTAMENTO DE ADMINISTRACION Y ECONOMIA,NO,NO,SI,"Evidencia: calificaciones; vigencia observada, no interpolada",Sólo DIFEM para carreras restringidas
IAE354,ADMINISTRACION FINANCIERA,Minor en Emprendimiento,Electiva,2018-2,2018-2,DEPARTAMENTO DE ADMINISTRACION Y ECONOMIA,NO,NO,SI,"Evidencia: calificaciones; vigencia observada, no interpolada",Sólo DIFEM para carreras restringidas
IAE354,ADMINISTRACION FINANCIERA,Minor en Emprendimiento,Electiva,2019-1,2019-1,DEPARTAMENTO DE ADMINISTRACION Y ECONOMIA,NO,NO,SI,"Evidencia: calificaciones; vigencia observada, no interpolada",Sólo DIFEM para carreras restringidas
IAE354,ADMINISTRACION FINANCIERA,Minor en Emprendimiento,Electiva,2019-2,2019-2,DEPARTAMENTO DE ADMINISTRACION Y ECONOMIA / Departamento de Administración y Economía,NO,NO,SI,"Evidencia: calificaciones,seguimiento; vigencia observada, no interpolada",Sólo DIFEM para carreras restringidas
IAE354,ADMINISTRACION FINANCIERA,Minor en Emprendimiento,Electiva,2020-1,2020-1,DEPARTAMENTO DE ADMINISTRACION Y ECONOMIA,NO,NO,SI,"Evidencia: calificaciones; vigencia observada, no interpolada",Sólo DIFEM para carreras restringidas
IAE354,ADMINISTRACION FINANCIERA,Minor en Emprendimiento,Electiva,2020-2,2020-2,DEPARTAMENTO DE ADMINISTRACION Y ECONOMIA,NO,NO,SI,"Evidencia: calificaciones; vigencia observada, no interpolada",Sólo DIFEM para carreras restringidas
IAE354,ADMINISTRACION FINANCIERA,Minor en Emprendimiento,Electiva,2021-1,2021-1,DEPARTAMENTO DE ADMINISTRACION Y ECONOMIA,NO,NO,SI,"Evidencia: calificaciones; vigencia observada, no interpolada",Sólo DIFEM para carreras restringidas
IAE354,ADMINISTRACION FINANCIERA,Minor en Emprendimiento,Electiva,2021-2,2021-2,DEPARTAMENTO DE ADMINISTRACION Y ECONOMIA,NO,NO,SI,"Evidencia: calificaciones; vigencia observada, no interpolada",Sólo DIFEM para carreras restringidas
IAE384,MARKETING I,Minor en Emprendimiento,Electiva,2015-1,2015-1,DEPARTAMENTO DE ADMINISTRACION Y ECONOMIA,NO,NO,SI,"Evidencia: calificaciones; vigencia observada, no interpolada",Sólo DIFEM para carreras restringidas
IAE384,MARKETING I,Minor en Emprendimiento,Electiva,2015-2,2015-2,DEPARTAMENTO DE ADMINISTRACION Y ECONOMIA / Departamento de Administración y Economía,NO,NO,SI,"Evidencia: calificaciones,seguimiento; vigencia observada, no interpolada",Sólo DIFEM para carreras restringidas
IAE384,MARKETING I,Minor en Emprendimiento,Electiva,2016-1,2016-1,DEPARTAMENTO DE ADMINISTRACION Y ECONOMIA,NO,NO,SI,"Evidencia: calificaciones; vigencia observada, no interpolada",Sólo DIFEM para carreras restringidas
IAE384,MARKETING I,Minor en Emprendimiento,Electiva,2016-2,2016-2,DEPARTAMENTO DE ADMINISTRACION Y ECONOMIA,NO,NO,SI,"Evidencia: calificaciones; vigencia observada, no interpolada",Sólo DIFEM para carreras restringidas
IAE384,MARKETING I,Minor en Emprendimiento,Electiva,2017-1,2017-1,DEPARTAMENTO DE ADMINISTRACION Y ECONOMIA,NO,NO,SI,"Evidencia: calificaciones; vigencia observada, no interpolada",Sólo DIFEM para carreras restringidas
IAE384,MARKETING I,Minor en Emprendimiento,Electiva,2017-2,2017-2,DEPARTAMENTO DE ADMINISTRACION Y ECONOMIA / Departamento de Administración y Economía,NO,NO,SI,"Evidencia: calificaciones,seguimiento; vigencia observada, no interpolada",Sólo DIFEM para carreras restringidas
IAE384,MARKETING I,Minor en Emprendimiento,Electiva,2018-1,2018-1,DEPARTAMENTO DE ADMINISTRACION Y ECONOMIA,NO,NO,SI,"Evidencia: calificaciones; vigencia observada, no interpolada",Sólo DIFEM para carreras restringidas
IAE384,MARKETING I,Minor en Emprendimiento,Electiva,2018-2,2018-2,DEPARTAMENTO DE ADMINISTRACION Y ECONOMIA,NO,NO,SI,"Evidencia: calificaciones; vigencia observada, no interpolada",Sólo DIFEM para carreras restringidas
IAE384,MARKETING I,Minor en Emprendimiento,Electiva,2019-1,2019-1,DEPARTAMENTO DE ADMINISTRACION Y ECONOMIA,NO,NO,SI,"Evidencia: calificaciones; vigencia observada, no interpolada",Sólo DIFEM para carreras restringidas
IAE384,MARKETING I,Minor en Emprendimiento,Electiva,2019-2,2019-2,DEPARTAMENTO DE ADMINISTRACION Y ECONOMIA,NO,NO,SI,"Evidencia: calificaciones; vigencia observada, no interpolada",Sólo DIFEM para carreras restringidas
IAE384,MARKETING I,Minor en Emprendimiento,Electiva,2020-1,2020-1,DEPARTAMENTO DE ADMINISTRACION Y ECONOMIA,NO,NO,SI,"Evidencia: calificaciones; vigencia observada, no interpolada",Sólo DIFEM para carreras restringidas
IAE384,MARKETING I,Minor en Emprendimiento,Electiva,2021-2,2021-2,DEPARTAMENTO DE ADMINISTRACION Y ECONOMIA,NO,NO,SI,"Evidencia: calificaciones; vigencia observada, no interpolada",Sólo DIFEM para carreras restringidas
IAE409,EMPRENDIMIENTO Y DESARROLLO EMPRESARIAL-MODULO INTEGRADO,Minor en Emprendimiento,Electiva,2015-1,2015-1,DEPARTAMENTO DE ADMINISTRACION Y ECONOMIA,NO,NO,SI,"Evidencia: calificaciones; vigencia observada, no interpolada",Sólo DIFEM para carreras restringidas
IAE409,EMPRENDIMIENTO Y DESARROLLO EMPRESARIAL-MODULO INTEGRADO,Minor en Emprendimiento,Electiva,2015-2,2015-2,DEPARTAMENTO DE ADMINISTRACION Y ECONOMIA,NO,NO,SI,"Evidencia: calificaciones; vigencia observada, no interpolada",Sólo DIFEM para carreras restringidas
IAE409,EMPRENDIMIENTO Y DESARROLLO EMPRESARIAL-MODULO INTEGRADO,Minor en Emprendimiento,Electiva,2016-1,2016-1,DEPARTAMENTO DE ADMINISTRACION Y ECONOMIA,NO,NO,SI,"Evidencia: calificaciones; vigencia observada, no interpolada",Sólo DIFEM para carreras restringidas
IAE409,EMPRENDIMIENTO Y DESARROLLO EMPRESARIAL-MODULO INTEGRADO,Minor en Emprendimiento,Electiva,2016-2,2016-2,DEPARTAMENTO DE ADMINISTRACION Y ECONOMIA,NO,NO,SI,"Evidencia: calificaciones; vigencia observada, no interpolada",Sólo DIFEM para carreras restringidas
IAE409,EMPRENDIMIENTO Y DESARROLLO EMPRESARIAL-MODULO INTEGRADO,Minor en Emprendimiento,Electiva,2017-1,2017-1,DEPARTAMENTO DE ADMINISTRACION Y ECONOMIA / Departamento de Administración y Economía,NO,NO,SI,"Evidencia: calificaciones,seguimiento; vigencia observada, no interpolada",Sólo DIFEM para carreras restringidas
IAE409,EMPRENDIMIENTO Y DESARROLLO EMPRESARIAL-MODULO INTEGRADO,Minor en Emprendimiento,Electiva,2017-2,2017-2,DEPARTAMENTO DE ADMINISTRACION Y ECONOMIA,NO,NO,SI,"Evidencia: calificaciones; vigencia observada, no interpolada",Sólo DIFEM para carreras restringidas
IAE409,EMPRENDIMIENTO Y DESARROLLO EMPRESARIAL-MODULO INTEGRADO,Minor en Emprendimiento,Electiva,2018-1,2018-1,DEPARTAMENTO DE ADMINISTRACION Y ECONOMIA,NO,NO,SI,"Evidencia: calificaciones; vigencia observada, no interpolada",Sólo DIFEM para carreras restringidas
IAE409,EMPRENDIMIENTO Y DESARROLLO EMPRESARIAL-MODULO INTEGRADO,Minor en Emprendimiento,Electiva,2018-2,2018-2,DEPARTAMENTO DE ADMINISTRACION Y ECONOMIA,NO,NO,SI,"Evidencia: calificaciones; vigencia observada, no interpolada",Sólo DIFEM para carreras restringidas
IAE409,EMPRENDIMIENTO Y DESARROLLO EMPRESARIAL-MODULO INTEGRADO,Minor en Emprendimiento,Electiva,2019-1,2019-1,DEPARTAMENTO DE ADMINISTRACION Y ECONOMIA,NO,NO,SI,"Evidencia: calificaciones; vigencia observada, no interpolada",Sólo DIFEM para carreras restringidas
IAE409,EMPRENDIMIENTO Y DESARROLLO EMPRESARIAL-MODULO INTEGRADO,Minor en Emprendimiento,Electiva,2019-2,2019-2,DEPARTAMENTO DE ADMINISTRACION Y ECONOMIA,NO,NO,SI,"Evidencia: calificaciones; vigencia observada, no interpolada",Sólo DIFEM para carreras restringidas
IAE409,EMPRENDIMIENTO Y DESARROLLO EMPRESARIAL-MODULO INTEGRADO,Minor en Emprendimiento,Electiva,2020-1,2020-1,DEPARTAMENTO DE ADMINISTRACION Y ECONOMIA,NO,NO,SI,"Evidencia: calificaciones; vigencia observada, no interpolada",Sólo DIFEM para carreras restringidas
IAE409,EMPRENDIMIENTO Y DESARROLLO EMPRESARIAL-MODULO INTEGRADO,Minor en Emprendimiento,Electiva,2020-2,2020-2,DEPARTAMENTO DE ADMINISTRACION Y ECONOMIA,NO,NO,SI,"Evidencia: calificaciones; vigencia observada, no interpolada",Sólo DIFEM para carreras restringidas
IAE409,EMPRENDIMIENTO Y DESARROLLO EMPRESARIAL-MODULO INTEGRADO,Minor en Emprendimiento,Electiva,2021-1,2021-1,DEPARTAMENTO DE ADMINISTRACION Y ECONOMIA,NO,NO,SI,"Evidencia: calificaciones; vigencia observada, no interpolada",Sólo DIFEM para carreras restringidas
IAE409,EMPRENDIMIENTO Y DESARROLLO EMPRESARIAL-MODULO INTEGRADO,Minor en Emprendimiento,Electiva,2021-2,2021-2,DEPARTAMENTO DE ADMINISTRACION Y ECONOMIA,NO,NO,SI,"Evidencia: calificaciones; vigencia observada, no interpolada",Sólo DIFEM para carreras restringidas
IAE409,EMPRENDIMIENTO Y DESARROLLO EMPRESARIAL-MODULO INTEGRADO,Minor en Emprendimiento,Electiva,2022-1,2022-1,DEPARTAMENTO DE ADMINISTRACION Y ECONOMIA,NO,NO,SI,"Evidencia: calificaciones; vigencia observada, no interpolada",Sólo DIFEM para carreras restringidas
IAE409,EMPRENDIMIENTO Y DESARROLLO EMPRESARIAL-MODULO INTEGRADO,Minor en Emprendimiento,Electiva,2022-2,2022-2,DEPARTAMENTO DE ADMINISTRACION Y ECONOMIA,NO,NO,SI,"Evidencia: calificaciones; vigencia observada, no interpolada",Sólo DIFEM para carreras restringidas
IAE409,EMPRENDIMIENTO Y DESARROLLO EMPRESARIAL-MODULO INTEGRADO,Minor en Emprendimiento,Electiva,2023-1,2023-1,DEPARTAMENTO DE ADMINISTRACION Y ECONOMIA,NO,NO,SI,"Evidencia: calificaciones; vigencia observada, no interpolada",Sólo DIFEM para carreras restringidas
IAE409,EMPRENDIMIENTO Y DESARROLLO EMPRESARIAL-MODULO INTEGRADO,Minor en Emprendimiento,Electiva,2024-1,2024-1,DEPARTAMENTO DE ADMINISTRACION Y ECONOMIA,NO,NO,SI,"Evidencia: calificaciones; vigencia observada, no interpolada",Sólo DIFEM para carreras restringidas
IAE409,EMPRENDIMIENTO Y DESARROLLO EMPRESARIAL-MODULO INTEGRADO,Minor en Emprendimiento,Electiva,2024-2,2024-2,DEPARTAMENTO DE ADMINISTRACION Y ECONOMIA,NO,NO,SI,"Evidencia: calificaciones; vigencia observada, no interpolada",Sólo DIFEM para carreras restringidas
IAE409,EMPRENDIMIENTO Y DESARROLLO EMPRESARIAL-MODULO INTEGRADO,Minor en Emprendimiento,Electiva,2025-1,2025-1,DEPARTAMENTO DE ADMINISTRACION Y ECONOMIA,NO,NO,SI,"Evidencia: calificaciones; vigencia observada, no interpolada",Sólo DIFEM para carreras restringidas
IAE409,EMPRENDIMIENTO Y DESARROLLO EMPRESARIAL-MODULO INTEGRADO,Minor en Emprendimiento,Electiva,2025-2,2025-2,DEPARTAMENTO DE ADMINISTRACION Y ECONOMIA / Departamento de Administración y Economía,NO,NO,SI,"Evidencia: calificaciones,seguimiento; vigencia observada, no interpolada",Sólo DIFEM para carreras restringidas
IAE409,EMPRENDIMIENTO Y DESARROLLO EMPRESARIAL-MODULO INTEGRADO,Minor en Emprendimiento,Electiva,2026-1,2026-1,DEPARTAMENTO DE ADMINISTRACION Y ECONOMIA,NO,NO,SI,"Evidencia: calificaciones; vigencia observada, no interpolada",Sólo DIFEM para carreras restringidas
IAE593,ADMINISTRACION DE EMPRESAS,Minor en Emprendimiento,Electiva,2015-1,2015-1,DEPARTAMENTO DE ADMINISTRACION Y ECONOMIA,NO,NO,SI,"Evidencia: calificaciones; vigencia observada, no interpolada",Sólo DIFEM para carreras restringidas
IAE593,ADMINISTRACION DE EMPRESAS,Minor en Emprendimiento,Electiva,2015-2,2015-2,DEPARTAMENTO DE ADMINISTRACION Y ECONOMIA,NO,NO,SI,"Evidencia: calificaciones; vigencia observada, no interpolada",Sólo DIFEM para carreras restringidas
IAE593,ADMINISTRACION DE EMPRESAS,Minor en Emprendimiento,Electiva,2016-1,2016-1,DEPARTAMENTO DE ADMINISTRACION Y ECONOMIA,NO,NO,SI,"Evidencia: calificaciones; vigencia observada, no interpolada",Sólo DIFEM para carreras restringidas
IAE593,ADMINISTRACION DE EMPRESAS,Minor en Emprendimiento,Electiva,2016-2,2016-2,DEPARTAMENTO DE ADMINISTRACION Y ECONOMIA,NO,NO,SI,"Evidencia: calificaciones; vigencia observada, no interpolada",Sólo DIFEM para carreras restringidas
IAE593,ADMINISTRACION DE EMPRESAS,Minor en Emprendimiento,Electiva,2017-1,2017-1,DEPARTAMENTO DE ADMINISTRACION Y ECONOMIA,NO,NO,SI,"Evidencia: calificaciones; vigencia observada, no interpolada",Sólo DIFEM para carreras restringidas
IAE593,ADMINISTRACION DE EMPRESAS,Minor en Emprendimiento,Electiva,2017-2,2017-2,DEPARTAMENTO DE ADMINISTRACION Y ECONOMIA,NO,NO,SI,"Evidencia: calificaciones; vigencia observada, no interpolada",Sólo DIFEM para carreras restringidas
IAE593,ADMINISTRACION DE EMPRESAS,Minor en Emprendimiento,Electiva,2018-1,2018-1,DEPARTAMENTO DE ADMINISTRACION Y ECONOMIA,NO,NO,SI,"Evidencia: calificaciones; vigencia observada, no interpolada",Sólo DIFEM para carreras restringidas
IAE593,ADMINISTRACION DE EMPRESAS,Minor en Emprendimiento,Electiva,2018-2,2018-2,DEPARTAMENTO DE ADMINISTRACION Y ECONOMIA,NO,NO,SI,"Evidencia: calificaciones; vigencia observada, no interpolada",Sólo DIFEM para carreras restringidas
IAE593,ADMINISTRACION DE EMPRESAS,Minor en Emprendimiento,Electiva,2019-1,2019-1,DEPARTAMENTO DE ADMINISTRACION Y ECONOMIA,NO,NO,SI,"Evidencia: calificaciones; vigencia observada, no interpolada",Sólo DIFEM para carreras restringidas
IAE593,ADMINISTRACION DE EMPRESAS,Minor en Emprendimiento,Electiva,2019-2,2019-2,DEPARTAMENTO DE ADMINISTRACION Y ECONOMIA / Departamento de Administración y Economía,NO,NO,SI,"Evidencia: calificaciones,seguimiento; vigencia observada, no interpolada",Sólo DIFEM para carreras restringidas
IAE593,ADMINISTRACION DE EMPRESAS,Minor en Emprendimiento,Electiva,2020-1,2020-1,DEPARTAMENTO DE ADMINISTRACION Y ECONOMIA,NO,NO,SI,"Evidencia: calificaciones; vigencia observada, no interpolada",Sólo DIFEM para carreras restringidas
IAE593,ADMINISTRACION DE EMPRESAS,Minor en Emprendimiento,Electiva,2020-2,2020-2,DEPARTAMENTO DE ADMINISTRACION Y ECONOMIA,NO,NO,SI,"Evidencia: calificaciones; vigencia observada, no interpolada",Sólo DIFEM para carreras restringidas
IAE593,ADMINISTRACION DE EMPRESAS,Minor en Emprendimiento,Electiva,2021-1,2021-1,DEPARTAMENTO DE ADMINISTRACION Y ECONOMIA / Departamento de Administración y Economía,NO,NO,SI,"Evidencia: calificaciones,seguimiento; vigencia observada, no interpolada",Sólo DIFEM para carreras restringidas
IAE593,ADMINISTRACION DE EMPRESAS,Minor en Emprendimiento,Electiva,2021-2,2021-2,DEPARTAMENTO DE ADMINISTRACION Y ECONOMIA / Departamento de Administración y Economía,NO,NO,SI,"Evidencia: calificaciones,seguimiento; vigencia observada, no interpolada",Sólo DIFEM para carreras restringidas
IAE593,ADMINISTRACION DE EMPRESAS,Minor en Emprendimiento,Electiva,2022-1,2022-1,DEPARTAMENTO DE ADMINISTRACION Y ECONOMIA / Departamento de Administración y Economía,NO,NO,SI,"Evidencia: calificaciones,seguimiento; vigencia observada, no interpolada",Sólo DIFEM para carreras restringidas
IAE593,ADMINISTRACION DE EMPRESAS,Minor en Emprendimiento,Electiva,2022-2,2022-2,DEPARTAMENTO DE ADMINISTRACION Y ECONOMIA,NO,NO,SI,"Evidencia: calificaciones; vigencia observada, no interpolada",Sólo DIFEM para carreras restringidas
IAE593,ADMINISTRACION DE EMPRESAS,Minor en Emprendimiento,Electiva,2023-1,2023-1,DEPARTAMENTO DE ADMINISTRACION Y ECONOMIA / Departamento de Administración y Economía,NO,NO,SI,"Evidencia: calificaciones,seguimiento; vigencia observada, no interpolada",Sólo DIFEM para carreras restringidas
IAE593,ADMINISTRACION DE EMPRESAS,Minor en Emprendimiento,Electiva,2023-2,2023-2,DEPARTAMENTO DE ADMINISTRACION Y ECONOMIA,NO,NO,SI,"Evidencia: calificaciones; vigencia observada, no interpolada",Sólo DIFEM para carreras restringidas
IAE593,ADMINISTRACION DE EMPRESAS,Minor en Emprendimiento,Electiva,2024-1,2024-1,DEPARTAMENTO DE ADMINISTRACION Y ECONOMIA / Departamento de Administración y Economía,NO,NO,SI,"Evidencia: calificaciones,seguimiento; vigencia observada, no interpolada",Sólo DIFEM para carreras restringidas
IAE593,ADMINISTRACION DE EMPRESAS,Minor en Emprendimiento,Electiva,2024-2,2024-2,DEPARTAMENTO DE ADMINISTRACION Y ECONOMIA,NO,NO,SI,"Evidencia: calificaciones; vigencia observada, no interpolada",Sólo DIFEM para carreras restringidas
IAE593,ADMINISTRACION DE EMPRESAS,Minor en Emprendimiento,Electiva,2025-1,2025-1,DEPARTAMENTO DE ADMINISTRACION Y ECONOMIA / Departamento de Administración y Economía,NO,NO,SI,"Evidencia: calificaciones,seguimiento; vigencia observada, no interpolada",Sólo DIFEM para carreras restringidas
IAE593,ADMINISTRACION DE EMPRESAS,Minor en Emprendimiento,Electiva,2025-2,2025-2,DEPARTAMENTO DE ADMINISTRACION Y ECONOMIA / Departamento de Administración y Economía,NO,NO,SI,"Evidencia: calificaciones,seguimiento; vigencia observada, no interpolada",Sólo DIFEM para carreras restringidas
IAE593,ADMINISTRACION DE EMPRESAS,Minor en Emprendimiento,Electiva,2026-1,2026-1,DEPARTAMENTO DE ADMINISTRACION Y ECONOMIA,NO,NO,SI,"Evidencia: calificaciones; vigencia observada, no interpolada",Sólo DIFEM para carreras restringidas
JAE110,GESTION DE COSTOS PARA EMPRENDEDORES (E/G),Minor en Emprendimiento,Electiva,2025-1,2025-1,DEPARTAMENTO DE ADMINISTRACION Y ECONOMIA / Departamento de Administración y Economía,NO,NO,SI,"Evidencia: calificaciones,seguimiento; vigencia observada, no interpolada",Sólo DIFEM para carreras restringidas
JAE110,GESTION DE COSTOS PARA EMPRENDEDORES (E/G),Minor en Emprendimiento,Electiva,2026-1,2026-1,DEPARTAMENTO DE ADMINISTRACION Y ECONOMIA,NO,NO,SI,"Evidencia: calificaciones; vigencia observada, no interpolada",Sólo DIFEM para carreras restringidas
JAE669,COSTOS I,Minor en Emprendimiento,Electiva,2022-1,2022-1,DEPARTAMENTO DE ADMINISTRACION Y ECONOMIA,NO,NO,SI,"Evidencia: calificaciones; vigencia observada, no interpolada",Sólo DIFEM para carreras restringidas
JAE669,COSTOS I,Minor en Emprendimiento,Electiva,2022-2,2022-2,DEPARTAMENTO DE ADMINISTRACION Y ECONOMIA,NO,NO,SI,"Evidencia: calificaciones; vigencia observada, no interpolada",Sólo DIFEM para carreras restringidas
JAE669,COSTOS I,Minor en Emprendimiento,Electiva,2023-1,2023-1,DEPARTAMENTO DE ADMINISTRACION Y ECONOMIA,NO,NO,SI,"Evidencia: calificaciones; vigencia observada, no interpolada",Sólo DIFEM para carreras restringidas
JAE669,COSTOS I,Minor en Emprendimiento,Electiva,2023-2,2023-2,DEPARTAMENTO DE ADMINISTRACION Y ECONOMIA,NO,NO,SI,"Evidencia: calificaciones; vigencia observada, no interpolada",Sólo DIFEM para carreras restringidas
JAE669,COSTOS I,Minor en Emprendimiento,Electiva,2024-1,2024-1,DEPARTAMENTO DE ADMINISTRACION Y ECONOMIA,NO,NO,SI,"Evidencia: calificaciones; vigencia observada, no interpolada",Sólo DIFEM para carreras restringidas
JAE669,COSTOS I,Minor en Emprendimiento,Electiva,2024-2,2024-2,DEPARTAMENTO DE ADMINISTRACION Y ECONOMIA,NO,NO,SI,"Evidencia: calificaciones; vigencia observada, no interpolada",Sólo DIFEM para carreras restringidas
JAE669,COSTOS I,Minor en Emprendimiento,Electiva,2025-1,2025-1,DEPARTAMENTO DE ADMINISTRACION Y ECONOMIA / Departamento de Administración y Economía,NO,NO,SI,"Evidencia: calificaciones,seguimiento; vigencia observada, no interpolada",Sólo DIFEM para carreras restringidas
JAE669,COSTOS I,Minor en Emprendimiento,Electiva,2025-2,2025-2,DEPARTAMENTO DE ADMINISTRACION Y ECONOMIA / Departamento de Administración y Economía,NO,NO,SI,"Evidencia: calificaciones,seguimiento; vigencia observada, no interpolada",Sólo DIFEM para carreras restringidas
JAE669,COSTOS I,Minor en Emprendimiento,Electiva,2026-1,2026-1,DEPARTAMENTO DE ADMINISTRACION Y ECONOMIA,NO,NO,SI,"Evidencia: calificaciones; vigencia observada, no interpolada",Sólo DIFEM para carreras restringidas
CIP183,ESTRATEGIAS DE COMUNICACION EFECTIVA EN INGLES/EFFECTIVE COM,Minor en Inglés,Electiva,2016-1,2016-1,Coordinación de Formación General e Idiomas,REVISAR,REVISAR,NO,"Evidencia: seguimiento; vigencia observada, no interpolada",Sólo DIFEM para carreras restringidas
CIP183,ESTRATEGIAS DE COMUNICACION EFECTIVA EN INGLES/EFFECTIVE COM,Minor en Inglés,Electiva,2016-2,2016-2,Coordinación de Formación General e Idiomas,REVISAR,REVISAR,NO,"Evidencia: seguimiento; vigencia observada, no interpolada",Sólo DIFEM para carreras restringidas
CIP183,ESTRATEGIAS DE COMUNICACION EFECTIVA EN INGLES/EFFECTIVE COM,Minor en Inglés,Electiva,2017-1,2017-1,Coordinación de Formación General e Idiomas,REVISAR,REVISAR,NO,"Evidencia: seguimiento; vigencia observada, no interpolada",Sólo DIFEM para carreras restringidas
CIP185,VIVIENDO EN EL EXTRANJERO/LIVING ABROAD (E/G),Minor en Inglés,Electiva,2016-1,2016-1,Coordinación de Formación General e Idiomas,REVISAR,REVISAR,NO,"Evidencia: seguimiento; vigencia observada, no interpolada",Sólo DIFEM para carreras restringidas
CIP185,VIVIENDO EN EL EXTRANJERO/LIVING ABROAD (E/G),Minor en Inglés,Electiva,2016-2,2016-2,Coordinación de Formación General e Idiomas,REVISAR,REVISAR,NO,"Evidencia: seguimiento; vigencia observada, no interpolada",Sólo DIFEM para carreras restringidas
CIP185,VIVIENDO EN EL EXTRANJERO/LIVING ABROAD (E/G),Minor en Inglés,Electiva,2017-1,2017-1,Coordinación de Formación General e Idiomas,REVISAR,REVISAR,NO,"Evidencia: seguimiento; vigencia observada, no interpolada",Sólo DIFEM para carreras restringidas
COD300,"DESCUBRIENDO EL LENGUAJE, LA CULTURA Y SOCIEDAD DEL REINO UN",Minor en Inglés,Electiva,2020-2,2020-2,COORDINACION DE FORMACIÓN GENERAL E IDIOMAS / Coordinación de Formación General e Idiomas,REVISAR,REVISAR,SI,"Evidencia: calificaciones,seguimiento; vigencia observada, no interpolada",Sólo DIFEM para carreras restringidas
COD300,"DESCUBRIENDO EL LENGUAJE, LA CULTURA Y SOCIEDAD DEL REINO UN",Minor en Inglés,Electiva,2021-1,2021-1,COORDINACION DE FORMACIÓN GENERAL E IDIOMAS / Coordinación de Formación General e Idiomas,REVISAR,REVISAR,SI,"Evidencia: calificaciones,seguimiento; vigencia observada, no interpolada",Sólo DIFEM para carreras restringidas
COD300,"DESCUBRIENDO EL LENGUAJE, LA CULTURA Y SOCIEDAD DEL REINO UN",Minor en Inglés,Electiva,2021-2,2021-2,COORDINACION DE FORMACIÓN GENERAL E IDIOMAS / Coordinación de Formación General e Idiomas,REVISAR,REVISAR,SI,"Evidencia: calificaciones,seguimiento; vigencia observada, no interpolada",Sólo DIFEM para carreras restringidas
COD300,"DESCUBRIENDO EL LENGUAJE, LA CULTURA Y SOCIEDAD DEL REINO UN",Minor en Inglés,Electiva,2022-1,2022-1,COORDINACION DE FORMACIÓN GENERAL E IDIOMAS / Coordinación de Formación General e Idiomas,REVISAR,REVISAR,SI,"Evidencia: calificaciones,seguimiento; vigencia observada, no interpolada",Sólo DIFEM para carreras restringidas
COD300,"DESCUBRIENDO EL LENGUAJE, LA CULTURA Y SOCIEDAD DEL REINO UN",Minor en Inglés,Electiva,2022-2,2022-2,COORDINACION DE FORMACIÓN GENERAL E IDIOMAS / Coordinación de Formación General e Idiomas,REVISAR,REVISAR,SI,"Evidencia: calificaciones,seguimiento; vigencia observada, no interpolada",Sólo DIFEM para carreras restringidas
COD300,"DESCUBRIENDO EL LENGUAJE, LA CULTURA Y SOCIEDAD DEL REINO UN",Minor en Inglés,Electiva,2023-1,2023-1,COORDINACION DE FORMACIÓN GENERAL E IDIOMAS / Coordinación de Formación General e Idiomas,REVISAR,REVISAR,SI,"Evidencia: calificaciones,seguimiento; vigencia observada, no interpolada",Sólo DIFEM para carreras restringidas
COD300,"DESCUBRIENDO EL LENGUAJE, LA CULTURA Y SOCIEDAD DEL REINO UN",Minor en Inglés,Electiva,2023-2,2023-2,COORDINACION DE FORMACIÓN GENERAL E IDIOMAS / Coordinación de Formación General e Idiomas,REVISAR,REVISAR,SI,"Evidencia: calificaciones,seguimiento; vigencia observada, no interpolada",Sólo DIFEM para carreras restringidas
COD300,"DESCUBRIENDO EL LENGUAJE, LA CULTURA Y SOCIEDAD DEL REINO UN",Minor en Inglés,Electiva,2024-1,2024-1,COORDINACION DE FORMACIÓN GENERAL E IDIOMAS / Coordinación de Formación General e Idiomas,REVISAR,REVISAR,SI,"Evidencia: calificaciones,seguimiento; vigencia observada, no interpolada",Sólo DIFEM para carreras restringidas
COD300,"DESCUBRIENDO EL LENGUAJE, LA CULTURA Y SOCIEDAD DEL REINO UN",Minor en Inglés,Electiva,2024-2,2024-2,COORDINACION DE FORMACIÓN GENERAL E IDIOMAS / Coordinación de Formación General e Idiomas,REVISAR,REVISAR,SI,"Evidencia: calificaciones,seguimiento; vigencia observada, no interpolada",Sólo DIFEM para carreras restringidas
COD300,"DESCUBRIENDO EL LENGUAJE, LA CULTURA Y SOCIEDAD DEL REINO UN",Minor en Inglés,Electiva,2025-2,2025-2,COORDINACION DE FORMACIÓN GENERAL E IDIOMAS / Coordinación de Formación General e Idiomas,REVISAR,REVISAR,SI,"Evidencia: calificaciones,seguimiento; vigencia observada, no interpolada",Sólo DIFEM para carreras restringidas
COD300,"DESCUBRIENDO EL LENGUAJE, LA CULTURA Y SOCIEDAD DEL REINO UN",Minor en Inglés,Electiva,2026-1,2026-1,COORDINACION DE FORMACIÓN GENERAL E IDIOMAS,REVISAR,REVISAR,SI,"Evidencia: calificaciones; vigencia observada, no interpolada",Sólo DIFEM para carreras restringidas
COD302,MÚSICA Y CULTURA ANGLO /MUSIC AND CULTURE IN THE UK AND USA,Minor en Inglés,Electiva,2020-2,2020-2,COORDINACION DE FORMACIÓN GENERAL E IDIOMAS / Coordinación de Formación General e Idiomas,REVISAR,REVISAR,SI,"Evidencia: calificaciones,seguimiento; vigencia observada, no interpolada",Sólo DIFEM para carreras restringidas
COD302,MÚSICA Y CULTURA ANGLO /MUSIC AND CULTURE IN THE UK AND USA,Minor en Inglés,Electiva,2021-1,2021-1,COORDINACION DE FORMACIÓN GENERAL E IDIOMAS / Coordinación de Formación General e Idiomas,REVISAR,REVISAR,SI,"Evidencia: calificaciones,seguimiento; vigencia observada, no interpolada",Sólo DIFEM para carreras restringidas
COD302,MÚSICA Y CULTURA ANGLO /MUSIC AND CULTURE IN THE UK AND USA,Minor en Inglés,Electiva,2022-1,2022-1,COORDINACION DE FORMACIÓN GENERAL E IDIOMAS / Coordinación de Formación General e Idiomas,REVISAR,REVISAR,SI,"Evidencia: calificaciones,seguimiento; vigencia observada, no interpolada",Sólo DIFEM para carreras restringidas
COD302,MÚSICA Y CULTURA ANGLO /MUSIC AND CULTURE IN THE UK AND USA,Minor en Inglés,Electiva,2022-2,2022-2,COORDINACION DE FORMACIÓN GENERAL E IDIOMAS / Coordinación de Formación General e Idiomas,REVISAR,REVISAR,SI,"Evidencia: calificaciones,seguimiento; vigencia observada, no interpolada",Sólo DIFEM para carreras restringidas
COD302,MÚSICA Y CULTURA ANGLO /MUSIC AND CULTURE IN THE UK AND USA,Minor en Inglés,Electiva,2023-1,2023-1,COORDINACION DE FORMACIÓN GENERAL E IDIOMAS / Coordinación de Formación General e Idiomas,REVISAR,REVISAR,SI,"Evidencia: calificaciones,seguimiento; vigencia observada, no interpolada",Sólo DIFEM para carreras restringidas
COD302,MÚSICA Y CULTURA ANGLO /MUSIC AND CULTURE IN THE UK AND USA,Minor en Inglés,Electiva,2023-2,2023-2,COORDINACION DE FORMACIÓN GENERAL E IDIOMAS / Coordinación de Formación General e Idiomas,REVISAR,REVISAR,SI,"Evidencia: calificaciones,seguimiento; vigencia observada, no interpolada",Sólo DIFEM para carreras restringidas
COD302,MÚSICA Y CULTURA ANGLO /MUSIC AND CULTURE IN THE UK AND USA,Minor en Inglés,Electiva,2024-1,2024-1,COORDINACION DE FORMACIÓN GENERAL E IDIOMAS / Coordinación de Formación General e Idiomas,REVISAR,REVISAR,SI,"Evidencia: calificaciones,seguimiento; vigencia observada, no interpolada",Sólo DIFEM para carreras restringidas
COD302,MÚSICA Y CULTURA ANGLO /MUSIC AND CULTURE IN THE UK AND USA,Minor en Inglés,Electiva,2025-1,2025-1,COORDINACION DE FORMACIÓN GENERAL E IDIOMAS / Coordinación de Formación General e Idiomas,REVISAR,REVISAR,SI,"Evidencia: calificaciones,seguimiento; vigencia observada, no interpolada",Sólo DIFEM para carreras restringidas
COD302,MÚSICA Y CULTURA ANGLO /MUSIC AND CULTURE IN THE UK AND USA,Minor en Inglés,Electiva,2025-2,2025-2,COORDINACION DE FORMACIÓN GENERAL E IDIOMAS / Coordinación de Formación General e Idiomas,REVISAR,REVISAR,SI,"Evidencia: calificaciones,seguimiento; vigencia observada, no interpolada",Sólo DIFEM para carreras restringidas
COD302,MÚSICA Y CULTURA ANGLO /MUSIC AND CULTURE IN THE UK AND USA,Minor en Inglés,Electiva,2026-1,2026-1,COORDINACION DE FORMACIÓN GENERAL E IDIOMAS,REVISAR,REVISAR,SI,"Evidencia: calificaciones; vigencia observada, no interpolada",Sólo DIFEM para carreras restringidas
DER470,RELACIONES INTERNACIONALES (INTERNATIONAL RELATIONS),Minor en Inglés,Electiva,2016-2,2016-2,DEPARTAMENTO DE CIENCIAS JURIDICAS,NO,NO,SI,"Evidencia: calificaciones; vigencia observada, no interpolada",Sólo DIFEM para carreras restringidas
DFI179,CIUDAD Y PAISAJE (E/E),Minor en Inglés,Electiva,2019-1,2019-1,COORDINACION DE FORMACIÓN GENERAL E IDIOMAS / Coordinación de Formación General e Idiomas,REVISAR,REVISAR,SI,"Evidencia: calificaciones,seguimiento; vigencia observada, no interpolada",Sólo DIFEM para carreras restringidas
DFI179,CIUDAD Y PAISAJE (E/E),Minor en Inglés,Electiva,2019-2,2019-2,COORDINACION DE FORMACIÓN GENERAL E IDIOMAS / Coordinación de Formación General e Idiomas,REVISAR,REVISAR,SI,"Evidencia: calificaciones,seguimiento; vigencia observada, no interpolada",Sólo DIFEM para carreras restringidas
DFI179,CIUDAD Y PAISAJE (E/E),Minor en Inglés,Electiva,2020-1,2020-1,COORDINACION DE FORMACIÓN GENERAL E IDIOMAS / Coordinación de Formación General e Idiomas,REVISAR,REVISAR,SI,"Evidencia: calificaciones,seguimiento; vigencia observada, no interpolada",Sólo DIFEM para carreras restringidas
DFI179,CIUDAD Y PAISAJE (E/E),Minor en Inglés,Electiva,2020-2,2020-2,COORDINACION DE FORMACIÓN GENERAL E IDIOMAS / Coordinación de Formación General e Idiomas,REVISAR,REVISAR,SI,"Evidencia: calificaciones,seguimiento; vigencia observada, no interpolada",Sólo DIFEM para carreras restringidas
DFI179,CIUDAD Y PAISAJE (E/E),Minor en Inglés,Electiva,2022-1,2022-1,COORDINACION DE FORMACIÓN GENERAL E IDIOMAS,REVISAR,REVISAR,SI,"Evidencia: calificaciones; vigencia observada, no interpolada",Sólo DIFEM para carreras restringidas
DFI179,CIUDAD Y PAISAJE (E/E),Minor en Inglés,Electiva,2023-2,2023-2,COORDINACION DE FORMACIÓN GENERAL E IDIOMAS,REVISAR,REVISAR,SI,"Evidencia: calificaciones; vigencia observada, no interpolada",Sólo DIFEM para carreras restringidas
DFI181,INGLÉS PARA VIAJES (E/G),Minor en Inglés,Electiva,2020-1,2020-1,COORDINACION DE FORMACIÓN GENERAL E IDIOMAS,REVISAR,REVISAR,SI,"Evidencia: calificaciones; vigencia observada, no interpolada",Sólo DIFEM para carreras restringidas
DFI181,INGLÉS PARA VIAJES (E/G),Minor en Inglés,Electiva,2020-2,2020-2,COORDINACION DE FORMACIÓN GENERAL E IDIOMAS / Coordinación de Formación General e Idiomas,REVISAR,REVISAR,SI,"Evidencia: calificaciones,seguimiento; vigencia observada, no interpolada",Sólo DIFEM para carreras restringidas
DFI181,INGLÉS PARA VIAJES (E/G),Minor en Inglés,Electiva,2021-1,2021-1,COORDINACION DE FORMACIÓN GENERAL E IDIOMAS / Coordinación de Formación General e Idiomas,REVISAR,REVISAR,SI,"Evidencia: calificaciones,seguimiento; vigencia observada, no interpolada",Sólo DIFEM para carreras restringidas
DFI181,INGLÉS PARA VIAJES (E/G),Minor en Inglés,Electiva,2021-2,2021-2,COORDINACION DE FORMACIÓN GENERAL E IDIOMAS / Coordinación de Formación General e Idiomas,REVISAR,REVISAR,SI,"Evidencia: calificaciones,seguimiento; vigencia observada, no interpolada",Sólo DIFEM para carreras restringidas
DFI181,INGLÉS PARA VIAJES (E/G),Minor en Inglés,Electiva,2022-1,2022-1,COORDINACION DE FORMACIÓN GENERAL E IDIOMAS / Coordinación de Formación General e Idiomas,REVISAR,REVISAR,SI,"Evidencia: calificaciones,seguimiento; vigencia observada, no interpolada",Sólo DIFEM para carreras restringidas
DFI181,INGLÉS PARA VIAJES (E/G),Minor en Inglés,Electiva,2022-2,2022-2,COORDINACION DE FORMACIÓN GENERAL E IDIOMAS / Coordinación de Formación General e Idiomas,REVISAR,REVISAR,SI,"Evidencia: calificaciones,seguimiento; vigencia observada, no interpolada",Sólo DIFEM para carreras restringidas
DFI181,INGLÉS PARA VIAJES (E/G),Minor en Inglés,Electiva,2023-1,2023-1,COORDINACION DE FORMACIÓN GENERAL E IDIOMAS / Coordinación de Formación General e Idiomas,REVISAR,REVISAR,SI,"Evidencia: calificaciones,seguimiento; vigencia observada, no interpolada",Sólo DIFEM para carreras restringidas
DFI181,INGLÉS PARA VIAJES (E/G),Minor en Inglés,Electiva,2023-2,2023-2,COORDINACION DE FORMACIÓN GENERAL E IDIOMAS,REVISAR,REVISAR,SI,"Evidencia: calificaciones; vigencia observada, no interpolada",Sólo DIFEM para carreras restringidas
DFI181,INGLÉS PARA VIAJES (E/G),Minor en Inglés,Electiva,2024-1,2024-1,COORDINACION DE FORMACIÓN GENERAL E IDIOMAS / Coordinación de Formación General e Idiomas,REVISAR,REVISAR,SI,"Evidencia: calificaciones,seguimiento; vigencia observada, no interpolada",Sólo DIFEM para carreras restringidas
DFI181,INGLÉS PARA VIAJES (E/G),Minor en Inglés,Electiva,2024-2,2024-2,COORDINACION DE FORMACIÓN GENERAL E IDIOMAS / Coordinación de Formación General e Idiomas,REVISAR,REVISAR,SI,"Evidencia: calificaciones,seguimiento; vigencia observada, no interpolada",Sólo DIFEM para carreras restringidas
DFI181,INGLÉS PARA VIAJES (E/G),Minor en Inglés,Electiva,2025-1,2025-1,COORDINACION DE FORMACIÓN GENERAL E IDIOMAS / Coordinación de Formación General e Idiomas,REVISAR,REVISAR,SI,"Evidencia: calificaciones,seguimiento; vigencia observada, no interpolada",Sólo DIFEM para carreras restringidas
DFI181,INGLÉS PARA VIAJES (E/G),Minor en Inglés,Electiva,2025-2,2025-2,COORDINACION DE FORMACIÓN GENERAL E IDIOMAS / Coordinación de Formación General e Idiomas,REVISAR,REVISAR,SI,"Evidencia: calificaciones,seguimiento; vigencia observada, no interpolada",Sólo DIFEM para carreras restringidas
DFI181,INGLÉS PARA VIAJES (E/G),Minor en Inglés,Electiva,2026-1,2026-1,COORDINACION DE FORMACIÓN GENERAL E IDIOMAS,REVISAR,REVISAR,SI,"Evidencia: calificaciones; vigencia observada, no interpolada",Sólo DIFEM para carreras restringidas
DFI183,ESTRATEGIAS DE COMUNICACION EFECTIVA EN INGLES/EFFECTIVE COM,Minor en Inglés,Troncal,2016-1,2016-1,COORDINACION DE FORMACIÓN GENERAL E IDIOMAS,REVISAR,REVISAR,SI,"Evidencia: calificaciones; vigencia observada, no interpolada",Sólo DIFEM para carreras restringidas
DFI183,ESTRATEGIAS DE COMUNICACION EFECTIVA EN INGLES/EFFECTIVE COM,Minor en Inglés,Troncal,2016-2,2016-2,COORDINACION DE FORMACIÓN GENERAL E IDIOMAS / Coordinación de Formación General e Idiomas,REVISAR,REVISAR,SI,"Evidencia: calificaciones,seguimiento; vigencia observada, no interpolada",Sólo DIFEM para carreras restringidas
DFI183,ESTRATEGIAS DE COMUNICACION EFECTIVA EN INGLES/EFFECTIVE COM,Minor en Inglés,Troncal,2017-1,2017-1,COORDINACION DE FORMACIÓN GENERAL E IDIOMAS / Coordinación de Formación General e Idiomas,REVISAR,REVISAR,SI,"Evidencia: calificaciones,seguimiento; vigencia observada, no interpolada",Sólo DIFEM para carreras restringidas
DFI183,ESTRATEGIAS DE COMUNICACION EFECTIVA EN INGLES/EFFECTIVE COM,Minor en Inglés,Troncal,2017-2,2017-2,COORDINACION DE FORMACIÓN GENERAL E IDIOMAS / Coordinación de Formación General e Idiomas,REVISAR,REVISAR,SI,"Evidencia: calificaciones,seguimiento; vigencia observada, no interpolada",Sólo DIFEM para carreras restringidas
DFI183,ESTRATEGIAS DE COMUNICACION EFECTIVA EN INGLES/EFFECTIVE COM,Minor en Inglés,Troncal,2018-1,2018-1,COORDINACION DE FORMACIÓN GENERAL E IDIOMAS / Coordinación de Formación General e Idiomas,REVISAR,REVISAR,SI,"Evidencia: calificaciones,seguimiento; vigencia observada, no interpolada",Sólo DIFEM para carreras restringidas
DFI183,ESTRATEGIAS DE COMUNICACION EFECTIVA EN INGLES/EFFECTIVE COM,Minor en Inglés,Troncal,2018-2,2018-2,COORDINACION DE FORMACIÓN GENERAL E IDIOMAS / Coordinación de Formación General e Idiomas,REVISAR,REVISAR,SI,"Evidencia: calificaciones,seguimiento; vigencia observada, no interpolada",Sólo DIFEM para carreras restringidas
DFI183,ESTRATEGIAS DE COMUNICACION EFECTIVA EN INGLES/EFFECTIVE COM,Minor en Inglés,Troncal,2019-1,2019-1,COORDINACION DE FORMACIÓN GENERAL E IDIOMAS / Coordinación de Formación General e Idiomas,REVISAR,REVISAR,SI,"Evidencia: calificaciones,seguimiento; vigencia observada, no interpolada",Sólo DIFEM para carreras restringidas
DFI183,ESTRATEGIAS DE COMUNICACION EFECTIVA EN INGLES/EFFECTIVE COM,Minor en Inglés,Troncal,2019-2,2019-2,COORDINACION DE FORMACIÓN GENERAL E IDIOMAS / Coordinación de Formación General e Idiomas,REVISAR,REVISAR,SI,"Evidencia: calificaciones,seguimiento; vigencia observada, no interpolada",Sólo DIFEM para carreras restringidas
DFI183,ESTRATEGIAS DE COMUNICACION EFECTIVA EN INGLES/EFFECTIVE COM,Minor en Inglés,Troncal,2020-1,2020-1,COORDINACION DE FORMACIÓN GENERAL E IDIOMAS / Coordinación de Formación General e Idiomas,REVISAR,REVISAR,SI,"Evidencia: calificaciones,seguimiento; vigencia observada, no interpolada",Sólo DIFEM para carreras restringidas
DFI183,ESTRATEGIAS DE COMUNICACION EFECTIVA EN INGLES/EFFECTIVE COM,Minor en Inglés,Troncal,2020-2,2020-2,COORDINACION DE FORMACIÓN GENERAL E IDIOMAS / Coordinación de Formación General e Idiomas,REVISAR,REVISAR,SI,"Evidencia: calificaciones,seguimiento; vigencia observada, no interpolada",Sólo DIFEM para carreras restringidas
DFI183,ESTRATEGIAS DE COMUNICACION EFECTIVA EN INGLES/EFFECTIVE COM,Minor en Inglés,Troncal,2021-1,2021-1,COORDINACION DE FORMACIÓN GENERAL E IDIOMAS / Coordinación de Formación General e Idiomas,REVISAR,REVISAR,SI,"Evidencia: calificaciones,seguimiento; vigencia observada, no interpolada",Sólo DIFEM para carreras restringidas
DFI183,ESTRATEGIAS DE COMUNICACION EFECTIVA EN INGLES/EFFECTIVE COM,Minor en Inglés,Troncal,2021-2,2021-2,COORDINACION DE FORMACIÓN GENERAL E IDIOMAS / Coordinación de Formación General e Idiomas,REVISAR,REVISAR,SI,"Evidencia: calificaciones,seguimiento; vigencia observada, no interpolada",Sólo DIFEM para carreras restringidas
DFI183,ESTRATEGIAS DE COMUNICACION EFECTIVA EN INGLES/EFFECTIVE COM,Minor en Inglés,Troncal,2022-1,2022-1,COORDINACION DE FORMACIÓN GENERAL E IDIOMAS / Coordinación de Formación General e Idiomas,REVISAR,REVISAR,SI,"Evidencia: calificaciones,seguimiento; vigencia observada, no interpolada",Sólo DIFEM para carreras restringidas
DFI183,ESTRATEGIAS DE COMUNICACION EFECTIVA EN INGLES/EFFECTIVE COM,Minor en Inglés,Troncal,2022-2,2022-2,COORDINACION DE FORMACIÓN GENERAL E IDIOMAS / Coordinación de Formación General e Idiomas,REVISAR,REVISAR,SI,"Evidencia: calificaciones,seguimiento; vigencia observada, no interpolada",Sólo DIFEM para carreras restringidas
DFI183,ESTRATEGIAS DE COMUNICACION EFECTIVA EN INGLES/EFFECTIVE COM,Minor en Inglés,Troncal,2023-1,2023-1,COORDINACION DE FORMACIÓN GENERAL E IDIOMAS / Coordinación de Formación General e Idiomas,REVISAR,REVISAR,SI,"Evidencia: calificaciones,seguimiento; vigencia observada, no interpolada",Sólo DIFEM para carreras restringidas
DFI183,ESTRATEGIAS DE COMUNICACION EFECTIVA EN INGLES/EFFECTIVE COM,Minor en Inglés,Troncal,2023-2,2023-2,COORDINACION DE FORMACIÓN GENERAL E IDIOMAS / Coordinación de Formación General e Idiomas,REVISAR,REVISAR,SI,"Evidencia: calificaciones,seguimiento; vigencia observada, no interpolada",Sólo DIFEM para carreras restringidas
DFI183,ESTRATEGIAS DE COMUNICACION EFECTIVA EN INGLES/EFFECTIVE COM,Minor en Inglés,Troncal,2024-1,2024-1,COORDINACION DE FORMACIÓN GENERAL E IDIOMAS / Coordinación de Formación General e Idiomas,REVISAR,REVISAR,SI,"Evidencia: calificaciones,seguimiento; vigencia observada, no interpolada",Sólo DIFEM para carreras restringidas
DFI183,ESTRATEGIAS DE COMUNICACION EFECTIVA EN INGLES/EFFECTIVE COM,Minor en Inglés,Troncal,2024-2,2024-2,COORDINACION DE FORMACIÓN GENERAL E IDIOMAS / Coordinación de Formación General e Idiomas,REVISAR,REVISAR,SI,"Evidencia: calificaciones,seguimiento; vigencia observada, no interpolada",Sólo DIFEM para carreras restringidas
DFI183,ESTRATEGIAS DE COMUNICACION EFECTIVA EN INGLES/EFFECTIVE COM,Minor en Inglés,Troncal,2025-1,2025-1,COORDINACION DE FORMACIÓN GENERAL E IDIOMAS / Coordinación de Formación General e Idiomas,REVISAR,REVISAR,SI,"Evidencia: calificaciones,seguimiento; vigencia observada, no interpolada",Sólo DIFEM para carreras restringidas
DFI183,ESTRATEGIAS DE COMUNICACION EFECTIVA EN INGLES/EFFECTIVE COM,Minor en Inglés,Troncal,2025-2,2025-2,COORDINACION DE FORMACIÓN GENERAL E IDIOMAS / Coordinación de Formación General e Idiomas,REVISAR,REVISAR,SI,"Evidencia: calificaciones,seguimiento; vigencia observada, no interpolada",Sólo DIFEM para carreras restringidas
DFI183,ESTRATEGIAS DE COMUNICACION EFECTIVA EN INGLES/EFFECTIVE COM,Minor en Inglés,Troncal,2026-1,2026-1,COORDINACION DE FORMACIÓN GENERAL E IDIOMAS,REVISAR,REVISAR,SI,"Evidencia: calificaciones; vigencia observada, no interpolada",Sólo DIFEM para carreras restringidas
DFI185,VIVIENDO EN EL EXTRANJERO/LIVING ABROAD (E/G),Minor en Inglés,Troncal,2016-1,2016-1,COORDINACION DE FORMACIÓN GENERAL E IDIOMAS,REVISAR,REVISAR,SI,"Evidencia: calificaciones; vigencia observada, no interpolada",Sólo DIFEM para carreras restringidas
DFI185,VIVIENDO EN EL EXTRANJERO/LIVING ABROAD (E/G),Minor en Inglés,Troncal,2016-2,2016-2,COORDINACION DE FORMACIÓN GENERAL E IDIOMAS / Coordinación de Formación General e Idiomas,REVISAR,REVISAR,SI,"Evidencia: calificaciones,seguimiento; vigencia observada, no interpolada",Sólo DIFEM para carreras restringidas
DFI185,VIVIENDO EN EL EXTRANJERO/LIVING ABROAD (E/G),Minor en Inglés,Troncal,2017-1,2017-1,COORDINACION DE FORMACIÓN GENERAL E IDIOMAS / Coordinación de Formación General e Idiomas,REVISAR,REVISAR,SI,"Evidencia: calificaciones,seguimiento; vigencia observada, no interpolada",Sólo DIFEM para carreras restringidas
DFI185,VIVIENDO EN EL EXTRANJERO/LIVING ABROAD (E/G),Minor en Inglés,Troncal,2017-2,2017-2,COORDINACION DE FORMACIÓN GENERAL E IDIOMAS / Coordinación de Formación General e Idiomas,REVISAR,REVISAR,SI,"Evidencia: calificaciones,seguimiento; vigencia observada, no interpolada",Sólo DIFEM para carreras restringidas
DFI185,VIVIENDO EN EL EXTRANJERO/LIVING ABROAD (E/G),Minor en Inglés,Troncal,2018-1,2018-1,COORDINACION DE FORMACIÓN GENERAL E IDIOMAS / Coordinación de Formación General e Idiomas,REVISAR,REVISAR,SI,"Evidencia: calificaciones,seguimiento; vigencia observada, no interpolada",Sólo DIFEM para carreras restringidas
DFI185,VIVIENDO EN EL EXTRANJERO/LIVING ABROAD (E/G),Minor en Inglés,Troncal,2018-2,2018-2,COORDINACION DE FORMACIÓN GENERAL E IDIOMAS / Coordinación de Formación General e Idiomas,REVISAR,REVISAR,SI,"Evidencia: calificaciones,seguimiento; vigencia observada, no interpolada",Sólo DIFEM para carreras restringidas
DFI185,VIVIENDO EN EL EXTRANJERO/LIVING ABROAD (E/G),Minor en Inglés,Troncal,2019-1,2019-1,COORDINACION DE FORMACIÓN GENERAL E IDIOMAS / Coordinación de Formación General e Idiomas,REVISAR,REVISAR,SI,"Evidencia: calificaciones,seguimiento; vigencia observada, no interpolada",Sólo DIFEM para carreras restringidas
DFI185,VIVIENDO EN EL EXTRANJERO/LIVING ABROAD (E/G),Minor en Inglés,Troncal,2019-2,2019-2,COORDINACION DE FORMACIÓN GENERAL E IDIOMAS / Coordinación de Formación General e Idiomas,REVISAR,REVISAR,SI,"Evidencia: calificaciones,seguimiento; vigencia observada, no interpolada",Sólo DIFEM para carreras restringidas
DFI185,VIVIENDO EN EL EXTRANJERO/LIVING ABROAD (E/G),Minor en Inglés,Troncal,2020-1,2020-1,COORDINACION DE FORMACIÓN GENERAL E IDIOMAS / Coordinación de Formación General e Idiomas,REVISAR,REVISAR,SI,"Evidencia: calificaciones,seguimiento; vigencia observada, no interpolada",Sólo DIFEM para carreras restringidas
DFI185,VIVIENDO EN EL EXTRANJERO/LIVING ABROAD (E/G),Minor en Inglés,Troncal,2020-2,2020-2,COORDINACION DE FORMACIÓN GENERAL E IDIOMAS / Coordinación de Formación General e Idiomas,REVISAR,REVISAR,SI,"Evidencia: calificaciones,seguimiento; vigencia observada, no interpolada",Sólo DIFEM para carreras restringidas
DFI185,VIVIENDO EN EL EXTRANJERO/LIVING ABROAD (E/G),Minor en Inglés,Troncal,2021-1,2021-1,COORDINACION DE FORMACIÓN GENERAL E IDIOMAS / Coordinación de Formación General e Idiomas,REVISAR,REVISAR,SI,"Evidencia: calificaciones,seguimiento; vigencia observada, no interpolada",Sólo DIFEM para carreras restringidas
DFI185,VIVIENDO EN EL EXTRANJERO/LIVING ABROAD (E/G),Minor en Inglés,Troncal,2021-2,2021-2,COORDINACION DE FORMACIÓN GENERAL E IDIOMAS / Coordinación de Formación General e Idiomas,REVISAR,REVISAR,SI,"Evidencia: calificaciones,seguimiento; vigencia observada, no interpolada",Sólo DIFEM para carreras restringidas
DFI185,VIVIENDO EN EL EXTRANJERO/LIVING ABROAD (E/G),Minor en Inglés,Troncal,2022-1,2022-1,COORDINACION DE FORMACIÓN GENERAL E IDIOMAS / Coordinación de Formación General e Idiomas,REVISAR,REVISAR,SI,"Evidencia: calificaciones,seguimiento; vigencia observada, no interpolada",Sólo DIFEM para carreras restringidas
DFI185,VIVIENDO EN EL EXTRANJERO/LIVING ABROAD (E/G),Minor en Inglés,Troncal,2022-2,2022-2,COORDINACION DE FORMACIÓN GENERAL E IDIOMAS / Coordinación de Formación General e Idiomas,REVISAR,REVISAR,SI,"Evidencia: calificaciones,seguimiento; vigencia observada, no interpolada",Sólo DIFEM para carreras restringidas
DFI185,VIVIENDO EN EL EXTRANJERO/LIVING ABROAD (E/G),Minor en Inglés,Troncal,2023-1,2023-1,COORDINACION DE FORMACIÓN GENERAL E IDIOMAS / Coordinación de Formación General e Idiomas,REVISAR,REVISAR,SI,"Evidencia: calificaciones,seguimiento; vigencia observada, no interpolada",Sólo DIFEM para carreras restringidas
DFI185,VIVIENDO EN EL EXTRANJERO/LIVING ABROAD (E/G),Minor en Inglés,Troncal,2023-2,2023-2,COORDINACION DE FORMACIÓN GENERAL E IDIOMAS / Coordinación de Formación General e Idiomas,REVISAR,REVISAR,SI,"Evidencia: calificaciones,seguimiento; vigencia observada, no interpolada",Sólo DIFEM para carreras restringidas
DFI185,VIVIENDO EN EL EXTRANJERO/LIVING ABROAD (E/G),Minor en Inglés,Troncal,2024-1,2024-1,COORDINACION DE FORMACIÓN GENERAL E IDIOMAS / Coordinación de Formación General e Idiomas,REVISAR,REVISAR,SI,"Evidencia: calificaciones,seguimiento; vigencia observada, no interpolada",Sólo DIFEM para carreras restringidas
DFI185,VIVIENDO EN EL EXTRANJERO/LIVING ABROAD (E/G),Minor en Inglés,Troncal,2024-2,2024-2,COORDINACION DE FORMACIÓN GENERAL E IDIOMAS / Coordinación de Formación General e Idiomas,REVISAR,REVISAR,SI,"Evidencia: calificaciones,seguimiento; vigencia observada, no interpolada",Sólo DIFEM para carreras restringidas
DFI185,VIVIENDO EN EL EXTRANJERO/LIVING ABROAD (E/G),Minor en Inglés,Troncal,2025-1,2025-1,COORDINACION DE FORMACIÓN GENERAL E IDIOMAS / Coordinación de Formación General e Idiomas,REVISAR,REVISAR,SI,"Evidencia: calificaciones,seguimiento; vigencia observada, no interpolada",Sólo DIFEM para carreras restringidas
DFI185,VIVIENDO EN EL EXTRANJERO/LIVING ABROAD (E/G),Minor en Inglés,Troncal,2025-2,2025-2,COORDINACION DE FORMACIÓN GENERAL E IDIOMAS / Coordinación de Formación General e Idiomas,REVISAR,REVISAR,SI,"Evidencia: calificaciones,seguimiento; vigencia observada, no interpolada",Sólo DIFEM para carreras restringidas
DFI185,VIVIENDO EN EL EXTRANJERO/LIVING ABROAD (E/G),Minor en Inglés,Troncal,2026-1,2026-1,COORDINACION DE FORMACIÓN GENERAL E IDIOMAS,REVISAR,REVISAR,SI,"Evidencia: calificaciones; vigencia observada, no interpolada",Sólo DIFEM para carreras restringidas
DFI215,INTERNATIONAL TRADE AND BUSINESS (E/G),Minor en Inglés,Electiva,2019-2,2019-2,COORDINACION DE FORMACIÓN GENERAL E IDIOMAS,REVISAR,REVISAR,SI,"Evidencia: calificaciones; vigencia observada, no interpolada",Sólo DIFEM para carreras restringidas
DFI215,INTERNATIONAL TRADE AND BUSINESS (E/G),Minor en Inglés,Electiva,2020-1,2020-1,COORDINACION DE FORMACIÓN GENERAL E IDIOMAS,REVISAR,REVISAR,SI,"Evidencia: calificaciones; vigencia observada, no interpolada",Sólo DIFEM para carreras restringidas
DFI215,INTERNATIONAL TRADE AND BUSINESS (E/G),Minor en Inglés,Electiva,2021-1,2021-1,COORDINACION DE FORMACIÓN GENERAL E IDIOMAS / Coordinación de Formación General e Idiomas,REVISAR,REVISAR,SI,"Evidencia: calificaciones,seguimiento; vigencia observada, no interpolada",Sólo DIFEM para carreras restringidas
DFI215,INTERNATIONAL TRADE AND BUSINESS (E/G),Minor en Inglés,Electiva,2021-2,2021-2,COORDINACION DE FORMACIÓN GENERAL E IDIOMAS / Coordinación de Formación General e Idiomas,REVISAR,REVISAR,SI,"Evidencia: calificaciones,seguimiento; vigencia observada, no interpolada",Sólo DIFEM para carreras restringidas
DFI615,TOEFL PREPARATION COURSE,Minor en Inglés,Electiva,2018-2,2018-2,COORDINACION DE FORMACIÓN GENERAL E IDIOMAS / Coordinación de Formación General e Idiomas,REVISAR,REVISAR,SI,"Evidencia: calificaciones,seguimiento; vigencia observada, no interpolada",Sólo DIFEM para carreras restringidas
DFI615,TOEFL PREPARATION COURSE,Minor en Inglés,Electiva,2019-1,2019-1,COORDINACION DE FORMACIÓN GENERAL E IDIOMAS / Coordinación de Formación General e Idiomas,REVISAR,REVISAR,SI,"Evidencia: calificaciones,seguimiento; vigencia observada, no interpolada",Sólo DIFEM para carreras restringidas
DFI615,TOEFL PREPARATION COURSE,Minor en Inglés,Electiva,2019-2,2019-2,COORDINACION DE FORMACIÓN GENERAL E IDIOMAS / Coordinación de Formación General e Idiomas,REVISAR,REVISAR,SI,"Evidencia: calificaciones,seguimiento; vigencia observada, no interpolada",Sólo DIFEM para carreras restringidas
DFI615,TOEFL PREPARATION COURSE,Minor en Inglés,Electiva,2020-1,2020-1,COORDINACION DE FORMACIÓN GENERAL E IDIOMAS / Coordinación de Formación General e Idiomas,REVISAR,REVISAR,SI,"Evidencia: calificaciones,seguimiento; vigencia observada, no interpolada",Sólo DIFEM para carreras restringidas
DFI615,TOEFL PREPARATION COURSE,Minor en Inglés,Electiva,2020-2,2020-2,COORDINACION DE FORMACIÓN GENERAL E IDIOMAS / Coordinación de Formación General e Idiomas,REVISAR,REVISAR,SI,"Evidencia: calificaciones,seguimiento; vigencia observada, no interpolada",Sólo DIFEM para carreras restringidas
DFI615,TOEFL PREPARATION COURSE,Minor en Inglés,Electiva,2021-1,2021-1,COORDINACION DE FORMACIÓN GENERAL E IDIOMAS / Coordinación de Formación General e Idiomas,REVISAR,REVISAR,SI,"Evidencia: calificaciones,seguimiento; vigencia observada, no interpolada",Sólo DIFEM para carreras restringidas
DFI615,TOEFL PREPARATION COURSE,Minor en Inglés,Electiva,2021-2,2021-2,COORDINACION DE FORMACIÓN GENERAL E IDIOMAS / Coordinación de Formación General e Idiomas,REVISAR,REVISAR,SI,"Evidencia: calificaciones,seguimiento; vigencia observada, no interpolada",Sólo DIFEM para carreras restringidas
DFI615,TOEFL PREPARATION COURSE,Minor en Inglés,Electiva,2022-1,2022-1,COORDINACION DE FORMACIÓN GENERAL E IDIOMAS / Coordinación de Formación General e Idiomas,REVISAR,REVISAR,SI,"Evidencia: calificaciones,seguimiento; vigencia observada, no interpolada",Sólo DIFEM para carreras restringidas
DFI615,TOEFL PREPARATION COURSE,Minor en Inglés,Electiva,2022-2,2022-2,COORDINACION DE FORMACIÓN GENERAL E IDIOMAS / Coordinación de Formación General e Idiomas,REVISAR,REVISAR,SI,"Evidencia: calificaciones,seguimiento; vigencia observada, no interpolada",Sólo DIFEM para carreras restringidas
DFI615,TOEFL PREPARATION COURSE,Minor en Inglés,Electiva,2023-1,2023-1,COORDINACION DE FORMACIÓN GENERAL E IDIOMAS / Coordinación de Formación General e Idiomas,REVISAR,REVISAR,SI,"Evidencia: calificaciones,seguimiento; vigencia observada, no interpolada",Sólo DIFEM para carreras restringidas
DFI615,TOEFL PREPARATION COURSE,Minor en Inglés,Electiva,2023-2,2023-2,COORDINACION DE FORMACIÓN GENERAL E IDIOMAS / Coordinación de Formación General e Idiomas,REVISAR,REVISAR,SI,"Evidencia: calificaciones,seguimiento; vigencia observada, no interpolada",Sólo DIFEM para carreras restringidas
DFI615,TOEFL PREPARATION COURSE,Minor en Inglés,Electiva,2024-1,2024-1,COORDINACION DE FORMACIÓN GENERAL E IDIOMAS / Coordinación de Formación General e Idiomas,REVISAR,REVISAR,SI,"Evidencia: calificaciones,seguimiento; vigencia observada, no interpolada",Sólo DIFEM para carreras restringidas
DFI615,TOEFL PREPARATION COURSE,Minor en Inglés,Electiva,2025-1,2025-1,COORDINACION DE FORMACIÓN GENERAL E IDIOMAS / Coordinación de Formación General e Idiomas,REVISAR,REVISAR,SI,"Evidencia: calificaciones,seguimiento; vigencia observada, no interpolada",Sólo DIFEM para carreras restringidas
DFI615,TOEFL PREPARATION COURSE,Minor en Inglés,Electiva,2026-1,2026-1,COORDINACION DE FORMACIÓN GENERAL E IDIOMAS,REVISAR,REVISAR,SI,"Evidencia: calificaciones; vigencia observada, no interpolada",Sólo DIFEM para carreras restringidas
DFI638,INGLES PARA LA CIUDADANIA GLOBAL/ENGLISH FOR GLOBAL CITIZENS,Minor en Inglés,Electiva,2024-2,2024-2,COORDINACION DE FORMACIÓN GENERAL E IDIOMAS / Coordinación de Formación General e Idiomas,REVISAR,REVISAR,SI,"Evidencia: calificaciones,seguimiento; vigencia observada, no interpolada",Sólo DIFEM para carreras restringidas
DFI638,INGLES PARA LA CIUDADANIA GLOBAL/ENGLISH FOR GLOBAL CITIZENS,Minor en Inglés,Electiva,2025-2,2025-2,COORDINACION DE FORMACIÓN GENERAL E IDIOMAS / Coordinación de Formación General e Idiomas,REVISAR,REVISAR,SI,"Evidencia: calificaciones,seguimiento; vigencia observada, no interpolada",Sólo DIFEM para carreras restringidas
DFI638,INGLES PARA LA CIUDADANIA GLOBAL/ENGLISH FOR GLOBAL CITIZENS,Minor en Inglés,Electiva,2026-1,2026-1,COORDINACION DE FORMACIÓN GENERAL E IDIOMAS,REVISAR,REVISAR,SI,"Evidencia: calificaciones; vigencia observada, no interpolada",Sólo DIFEM para carreras restringidas
ELL589,CINE Y LITERATURA: FILM AND LITERATURE (E/G),Minor en Inglés,Electiva,2017-1,2017-1,"DEPARTAMENTO DE LENGUAS, LITERATURA Y COMUNICACIÓN / Departamento de Lenguas, Literatura y Comunicación",NO,NO,SI,"Evidencia: calificaciones,seguimiento; vigencia observada, no interpolada",Sólo DIFEM para carreras restringidas
ELL589,CINE Y LITERATURA: FILM AND LITERATURE (E/G),Minor en Inglés,Electiva,2017-2,2017-2,"DEPARTAMENTO DE LENGUAS, LITERATURA Y COMUNICACIÓN / Departamento de Lenguas, Literatura y Comunicación",NO,NO,SI,"Evidencia: calificaciones,seguimiento; vigencia observada, no interpolada",Sólo DIFEM para carreras restringidas
ELL589,CINE Y LITERATURA: FILM AND LITERATURE (E/G),Minor en Inglés,Electiva,2018-1,2018-1,"DEPARTAMENTO DE LENGUAS, LITERATURA Y COMUNICACIÓN / Departamento de Lenguas, Literatura y Comunicación",NO,NO,SI,"Evidencia: calificaciones,seguimiento; vigencia observada, no interpolada",Sólo DIFEM para carreras restringidas
ELL591,INGLES PARA NEGOCIOS - ENGLISH FOR BUSINESS (E/G),Minor en Inglés,Electiva,2016-2,2016-2,"DEPARTAMENTO DE LENGUAS, LITERATURA Y COMUNICACIÓN / Departamento de Lenguas, Literatura y Comunicación",NO,NO,SI,"Evidencia: calificaciones,seguimiento; vigencia observada, no interpolada",Sólo DIFEM para carreras restringidas
ELL591,INGLES PARA NEGOCIOS - ENGLISH FOR BUSINESS (E/G),Minor en Inglés,Electiva,2017-1,2017-1,"DEPARTAMENTO DE LENGUAS, LITERATURA Y COMUNICACIÓN / Departamento de Lenguas, Literatura y Comunicación",NO,NO,SI,"Evidencia: calificaciones,seguimiento; vigencia observada, no interpolada",Sólo DIFEM para carreras restringidas
ELL591,INGLES PARA NEGOCIOS - ENGLISH FOR BUSINESS (E/G),Minor en Inglés,Electiva,2017-2,2017-2,"DEPARTAMENTO DE LENGUAS, LITERATURA Y COMUNICACIÓN / Departamento de Lenguas, Literatura y Comunicación",NO,NO,SI,"Evidencia: calificaciones,seguimiento; vigencia observada, no interpolada",Sólo DIFEM para carreras restringidas
ELL591,INGLES PARA NEGOCIOS - ENGLISH FOR BUSINESS (E/G),Minor en Inglés,Electiva,2018-1,2018-1,"DEPARTAMENTO DE LENGUAS, LITERATURA Y COMUNICACIÓN / Departamento de Lenguas, Literatura y Comunicación",NO,NO,SI,"Evidencia: calificaciones,seguimiento; vigencia observada, no interpolada",Sólo DIFEM para carreras restringidas
ELL591,INGLES PARA NEGOCIOS - ENGLISH FOR BUSINESS (E/G),Minor en Inglés,Electiva,2018-2,2018-2,"DEPARTAMENTO DE LENGUAS, LITERATURA Y COMUNICACIÓN / Departamento de Lenguas, Literatura y Comunicación",NO,NO,SI,"Evidencia: calificaciones,seguimiento; vigencia observada, no interpolada",Sólo DIFEM para carreras restringidas
ELL591,INGLES PARA NEGOCIOS - ENGLISH FOR BUSINESS (E/G),Minor en Inglés,Electiva,2019-1,2019-1,"DEPARTAMENTO DE LENGUAS, LITERATURA Y COMUNICACIÓN / Departamento de Lenguas, Literatura y Comunicación",NO,NO,SI,"Evidencia: calificaciones,seguimiento; vigencia observada, no interpolada",Sólo DIFEM para carreras restringidas
ELL591,INGLES PARA NEGOCIOS - ENGLISH FOR BUSINESS (E/G),Minor en Inglés,Electiva,2019-2,2019-2,"DEPARTAMENTO DE LENGUAS, LITERATURA Y COMUNICACIÓN / Departamento de Lenguas, Literatura y Comunicación",NO,NO,SI,"Evidencia: calificaciones,seguimiento; vigencia observada, no interpolada",Sólo DIFEM para carreras restringidas
ELL591,INGLES PARA NEGOCIOS - ENGLISH FOR BUSINESS (E/G),Minor en Inglés,Electiva,2020-1,2020-1,"DEPARTAMENTO DE LENGUAS, LITERATURA Y COMUNICACIÓN / Departamento de Lenguas, Literatura y Comunicación",NO,NO,SI,"Evidencia: calificaciones,seguimiento; vigencia observada, no interpolada",Sólo DIFEM para carreras restringidas
ELL591,INGLES PARA NEGOCIOS - ENGLISH FOR BUSINESS (E/G),Minor en Inglés,Electiva,2020-2,2020-2,"DEPARTAMENTO DE LENGUAS, LITERATURA Y COMUNICACIÓN / Departamento de Lenguas, Literatura y Comunicación",NO,NO,SI,"Evidencia: calificaciones,seguimiento; vigencia observada, no interpolada",Sólo DIFEM para carreras restringidas
ELL591,INGLES PARA NEGOCIOS - ENGLISH FOR BUSINESS (E/G),Minor en Inglés,Electiva,2021-1,2021-1,"DEPARTAMENTO DE LENGUAS, LITERATURA Y COMUNICACIÓN / Departamento de Lenguas, Literatura y Comunicación",NO,NO,SI,"Evidencia: calificaciones,seguimiento; vigencia observada, no interpolada",Sólo DIFEM para carreras restringidas
ELL591,INGLES PARA NEGOCIOS - ENGLISH FOR BUSINESS (E/G),Minor en Inglés,Electiva,2021-2,2021-2,"DEPARTAMENTO DE LENGUAS, LITERATURA Y COMUNICACIÓN / Departamento de Lenguas, Literatura y Comunicación",NO,NO,SI,"Evidencia: calificaciones,seguimiento; vigencia observada, no interpolada",Sólo DIFEM para carreras restringidas
ELL591,INGLES PARA NEGOCIOS - ENGLISH FOR BUSINESS (E/G),Minor en Inglés,Electiva,2022-1,2022-1,"DEPARTAMENTO DE LENGUAS, LITERATURA Y COMUNICACIÓN",NO,NO,SI,"Evidencia: calificaciones; vigencia observada, no interpolada",Sólo DIFEM para carreras restringidas
ELL591,INGLES PARA NEGOCIOS - ENGLISH FOR BUSINESS (E/G),Minor en Inglés,Electiva,2023-2,2023-2,"DEPARTAMENTO DE LENGUAS, LITERATURA Y COMUNICACIÓN",NO,NO,SI,"Evidencia: calificaciones; vigencia observada, no interpolada",Sólo DIFEM para carreras restringidas
ELL591,INGLES PARA NEGOCIOS - ENGLISH FOR BUSINESS (E/G),Minor en Inglés,Electiva,2024-1,2024-1,"DEPARTAMENTO DE LENGUAS, LITERATURA Y COMUNICACIÓN",NO,NO,SI,"Evidencia: calificaciones; vigencia observada, no interpolada",Sólo DIFEM para carreras restringidas
ELL591,INGLES PARA NEGOCIOS - ENGLISH FOR BUSINESS (E/G),Minor en Inglés,Electiva,2025-2,2025-2,"DEPARTAMENTO DE LENGUAS, LITERATURA Y COMUNICACIÓN / Departamento de Lenguas, Literatura y Comunicación",NO,NO,SI,"Evidencia: calificaciones,seguimiento; vigencia observada, no interpolada",Sólo DIFEM para carreras restringidas
ELL591,INGLES PARA NEGOCIOS - ENGLISH FOR BUSINESS (E/G),Minor en Inglés,Electiva,2026-1,2026-1,"DEPARTAMENTO DE LENGUAS, LITERATURA Y COMUNICACIÓN",NO,NO,SI,"Evidencia: calificaciones; vigencia observada, no interpolada",Sólo DIFEM para carreras restringidas
ELL599,DESCUBRIENDO CANADA: ADVANCED CONVERSATIONS (E/G),Minor en Inglés,Electiva,2016-2,2016-2,"DEPARTAMENTO DE LENGUAS, LITERATURA Y COMUNICACIÓN / Departamento de Lenguas, Literatura y Comunicación",NO,NO,SI,"Evidencia: calificaciones,seguimiento; vigencia observada, no interpolada",Sólo DIFEM para carreras restringidas
ELL599,DESCUBRIENDO CANADA: ADVANCED CONVERSATIONS (E/G),Minor en Inglés,Electiva,2017-1,2017-1,"DEPARTAMENTO DE LENGUAS, LITERATURA Y COMUNICACIÓN / Departamento de Lenguas, Literatura y Comunicación",NO,NO,SI,"Evidencia: calificaciones,seguimiento; vigencia observada, no interpolada",Sólo DIFEM para carreras restringidas
ELL599,DESCUBRIENDO CANADA: ADVANCED CONVERSATIONS (E/G),Minor en Inglés,Electiva,2017-2,2017-2,"DEPARTAMENTO DE LENGUAS, LITERATURA Y COMUNICACIÓN / Departamento de Lenguas, Literatura y Comunicación",NO,NO,SI,"Evidencia: calificaciones,seguimiento; vigencia observada, no interpolada",Sólo DIFEM para carreras restringidas
ELL599,DESCUBRIENDO CANADA: ADVANCED CONVERSATIONS (E/G),Minor en Inglés,Electiva,2018-1,2018-1,"DEPARTAMENTO DE LENGUAS, LITERATURA Y COMUNICACIÓN / Departamento de Lenguas, Literatura y Comunicación",NO,NO,SI,"Evidencia: calificaciones,seguimiento; vigencia observada, no interpolada",Sólo DIFEM para carreras restringidas
ELL599,DESCUBRIENDO CANADA: ADVANCED CONVERSATIONS (E/G),Minor en Inglés,Electiva,2018-2,2018-2,"DEPARTAMENTO DE LENGUAS, LITERATURA Y COMUNICACIÓN / Departamento de Lenguas, Literatura y Comunicación",NO,NO,SI,"Evidencia: calificaciones,seguimiento; vigencia observada, no interpolada",Sólo DIFEM para carreras restringidas
ELL599,DESCUBRIENDO CANADA: ADVANCED CONVERSATIONS (E/G),Minor en Inglés,Electiva,2019-1,2019-1,"DEPARTAMENTO DE LENGUAS, LITERATURA Y COMUNICACIÓN / Departamento de Lenguas, Literatura y Comunicación",NO,NO,SI,"Evidencia: calificaciones,seguimiento; vigencia observada, no interpolada",Sólo DIFEM para carreras restringidas
ELL599,DESCUBRIENDO CANADA: ADVANCED CONVERSATIONS (E/G),Minor en Inglés,Electiva,2019-2,2019-2,"DEPARTAMENTO DE LENGUAS, LITERATURA Y COMUNICACIÓN / Departamento de Lenguas, Literatura y Comunicación",NO,NO,SI,"Evidencia: calificaciones,seguimiento; vigencia observada, no interpolada",Sólo DIFEM para carreras restringidas
ELL599,DESCUBRIENDO CANADA: ADVANCED CONVERSATIONS (E/G),Minor en Inglés,Electiva,2020-1,2020-1,"DEPARTAMENTO DE LENGUAS, LITERATURA Y COMUNICACIÓN / Departamento de Lenguas, Literatura y Comunicación",NO,NO,SI,"Evidencia: calificaciones,seguimiento; vigencia observada, no interpolada",Sólo DIFEM para carreras restringidas
ELL599,DESCUBRIENDO CANADA: ADVANCED CONVERSATIONS (E/G),Minor en Inglés,Electiva,2020-2,2020-2,"DEPARTAMENTO DE LENGUAS, LITERATURA Y COMUNICACIÓN / Departamento de Lenguas, Literatura y Comunicación",NO,NO,SI,"Evidencia: calificaciones,seguimiento; vigencia observada, no interpolada",Sólo DIFEM para carreras restringidas
ELL599,DESCUBRIENDO CANADA: ADVANCED CONVERSATIONS (E/G),Minor en Inglés,Electiva,2021-1,2021-1,"DEPARTAMENTO DE LENGUAS, LITERATURA Y COMUNICACIÓN / Departamento de Lenguas, Literatura y Comunicación",NO,NO,SI,"Evidencia: calificaciones,seguimiento; vigencia observada, no interpolada",Sólo DIFEM para carreras restringidas
ELL599,DESCUBRIENDO CANADA: ADVANCED CONVERSATIONS (E/G),Minor en Inglés,Electiva,2021-2,2021-2,"DEPARTAMENTO DE LENGUAS, LITERATURA Y COMUNICACIÓN / Departamento de Lenguas, Literatura y Comunicación",NO,NO,SI,"Evidencia: calificaciones,seguimiento; vigencia observada, no interpolada",Sólo DIFEM para carreras restringidas
ELL599,DESCUBRIENDO CANADA: ADVANCED CONVERSATIONS (E/G),Minor en Inglés,Electiva,2022-2,2022-2,"DEPARTAMENTO DE LENGUAS, LITERATURA Y COMUNICACIÓN / Departamento de Lenguas, Literatura y Comunicación",NO,NO,SI,"Evidencia: calificaciones,seguimiento; vigencia observada, no interpolada",Sólo DIFEM para carreras restringidas
ELL599,DESCUBRIENDO CANADA: ADVANCED CONVERSATIONS (E/G),Minor en Inglés,Electiva,2023-1,2023-1,"DEPARTAMENTO DE LENGUAS, LITERATURA Y COMUNICACIÓN / Departamento de Lenguas, Literatura y Comunicación",NO,NO,SI,"Evidencia: calificaciones,seguimiento; vigencia observada, no interpolada",Sólo DIFEM para carreras restringidas
ELL599,DESCUBRIENDO CANADA: ADVANCED CONVERSATIONS (E/G),Minor en Inglés,Electiva,2023-2,2023-2,"DEPARTAMENTO DE LENGUAS, LITERATURA Y COMUNICACIÓN / Departamento de Lenguas, Literatura y Comunicación",NO,NO,SI,"Evidencia: calificaciones,seguimiento; vigencia observada, no interpolada",Sólo DIFEM para carreras restringidas
ELL599,DESCUBRIENDO CANADA: ADVANCED CONVERSATIONS (E/G),Minor en Inglés,Electiva,2024-1,2024-1,"DEPARTAMENTO DE LENGUAS, LITERATURA Y COMUNICACIÓN / Departamento de Lenguas, Literatura y Comunicación",NO,NO,SI,"Evidencia: calificaciones,seguimiento; vigencia observada, no interpolada",Sólo DIFEM para carreras restringidas
ELL599,DESCUBRIENDO CANADA: ADVANCED CONVERSATIONS (E/G),Minor en Inglés,Electiva,2024-2,2024-2,"DEPARTAMENTO DE LENGUAS, LITERATURA Y COMUNICACIÓN / Departamento de Lenguas, Literatura y Comunicación",NO,NO,SI,"Evidencia: calificaciones,seguimiento; vigencia observada, no interpolada",Sólo DIFEM para carreras restringidas
ELL599,DESCUBRIENDO CANADA: ADVANCED CONVERSATIONS (E/G),Minor en Inglés,Electiva,2025-1,2025-1,"DEPARTAMENTO DE LENGUAS, LITERATURA Y COMUNICACIÓN / Departamento de Lenguas, Literatura y Comunicación",NO,NO,SI,"Evidencia: calificaciones,seguimiento; vigencia observada, no interpolada",Sólo DIFEM para carreras restringidas
ELL599,DESCUBRIENDO CANADA: ADVANCED CONVERSATIONS (E/G),Minor en Inglés,Electiva,2025-2,2025-2,"DEPARTAMENTO DE LENGUAS, LITERATURA Y COMUNICACIÓN / Departamento de Lenguas, Literatura y Comunicación",NO,NO,SI,"Evidencia: calificaciones,seguimiento; vigencia observada, no interpolada",Sólo DIFEM para carreras restringidas
ELL599,DESCUBRIENDO CANADA: ADVANCED CONVERSATIONS (E/G),Minor en Inglés,Electiva,2026-1,2026-1,"DEPARTAMENTO DE LENGUAS, LITERATURA Y COMUNICACIÓN",NO,NO,SI,"Evidencia: calificaciones; vigencia observada, no interpolada",Sólo DIFEM para carreras restringidas
ELL603,INGLES ACADEMICO: ACADEMIC ENGLISH (E/G),Minor en Inglés,Electiva,2016-2,2016-2,"DEPARTAMENTO DE LENGUAS, LITERATURA Y COMUNICACIÓN",NO,NO,SI,"Evidencia: calificaciones; vigencia observada, no interpolada",Sólo DIFEM para carreras restringidas
ELL603,INGLES ACADEMICO: ACADEMIC ENGLISH (E/G),Minor en Inglés,Electiva,2017-1,2017-1,"DEPARTAMENTO DE LENGUAS, LITERATURA Y COMUNICACIÓN / Departamento de Lenguas, Literatura y Comunicación",NO,NO,SI,"Evidencia: calificaciones,seguimiento; vigencia observada, no interpolada",Sólo DIFEM para carreras restringidas
ELL603,INGLES ACADEMICO: ACADEMIC ENGLISH (E/G),Minor en Inglés,Electiva,2017-2,2017-2,"DEPARTAMENTO DE LENGUAS, LITERATURA Y COMUNICACIÓN / Departamento de Lenguas, Literatura y Comunicación",NO,NO,SI,"Evidencia: calificaciones,seguimiento; vigencia observada, no interpolada",Sólo DIFEM para carreras restringidas
ELL603,INGLES ACADEMICO: ACADEMIC ENGLISH (E/G),Minor en Inglés,Electiva,2019-1,2019-1,"DEPARTAMENTO DE LENGUAS, LITERATURA Y COMUNICACIÓN / Departamento de Lenguas, Literatura y Comunicación",NO,NO,SI,"Evidencia: calificaciones,seguimiento; vigencia observada, no interpolada",Sólo DIFEM para carreras restringidas
ELL603,INGLES ACADEMICO: ACADEMIC ENGLISH (E/G),Minor en Inglés,Electiva,2020-1,2020-1,"DEPARTAMENTO DE LENGUAS, LITERATURA Y COMUNICACIÓN",NO,NO,SI,"Evidencia: calificaciones; vigencia observada, no interpolada",Sólo DIFEM para carreras restringidas
ELL605,CONOCIENDO LOS EXAMENES INTERNACIONALES DE INGLES: GETTING T,Minor en Inglés,Electiva,2016-2,2016-2,"DEPARTAMENTO DE LENGUAS, LITERATURA Y COMUNICACIÓN",NO,NO,SI,"Evidencia: calificaciones; vigencia observada, no interpolada",Sólo DIFEM para carreras restringidas
ELL605,CONOCIENDO LOS EXAMENES INTERNACIONALES DE INGLES: GETTING T,Minor en Inglés,Electiva,2017-1,2017-1,"DEPARTAMENTO DE LENGUAS, LITERATURA Y COMUNICACIÓN / Departamento de Lenguas, Literatura y Comunicación",NO,NO,SI,"Evidencia: calificaciones,seguimiento; vigencia observada, no interpolada",Sólo DIFEM para carreras restringidas
ELL605,CONOCIENDO LOS EXAMENES INTERNACIONALES DE INGLES: GETTING T,Minor en Inglés,Electiva,2017-2,2017-2,"DEPARTAMENTO DE LENGUAS, LITERATURA Y COMUNICACIÓN / Departamento de Lenguas, Literatura y Comunicación",NO,NO,SI,"Evidencia: calificaciones,seguimiento; vigencia observada, no interpolada",Sólo DIFEM para carreras restringidas
ELL605,CONOCIENDO LOS EXAMENES INTERNACIONALES DE INGLES: GETTING T,Minor en Inglés,Electiva,2018-1,2018-1,"DEPARTAMENTO DE LENGUAS, LITERATURA Y COMUNICACIÓN / Departamento de Lenguas, Literatura y Comunicación",NO,NO,SI,"Evidencia: calificaciones,seguimiento; vigencia observada, no interpolada",Sólo DIFEM para carreras restringidas
ELL605,CONOCIENDO LOS EXAMENES INTERNACIONALES DE INGLES: GETTING T,Minor en Inglés,Electiva,2018-2,2018-2,"DEPARTAMENTO DE LENGUAS, LITERATURA Y COMUNICACIÓN / Departamento de Lenguas, Literatura y Comunicación",NO,NO,SI,"Evidencia: calificaciones,seguimiento; vigencia observada, no interpolada",Sólo DIFEM para carreras restringidas
ELL605,CONOCIENDO LOS EXAMENES INTERNACIONALES DE INGLES: GETTING T,Minor en Inglés,Electiva,2019-1,2019-1,"DEPARTAMENTO DE LENGUAS, LITERATURA Y COMUNICACIÓN / Departamento de Lenguas, Literatura y Comunicación",NO,NO,SI,"Evidencia: calificaciones,seguimiento; vigencia observada, no interpolada",Sólo DIFEM para carreras restringidas
ELL605,CONOCIENDO LOS EXAMENES INTERNACIONALES DE INGLES: GETTING T,Minor en Inglés,Electiva,2019-2,2019-2,"DEPARTAMENTO DE LENGUAS, LITERATURA Y COMUNICACIÓN / Departamento de Lenguas, Literatura y Comunicación",NO,NO,SI,"Evidencia: calificaciones,seguimiento; vigencia observada, no interpolada",Sólo DIFEM para carreras restringidas
ELL605,CONOCIENDO LOS EXAMENES INTERNACIONALES DE INGLES: GETTING T,Minor en Inglés,Electiva,2020-1,2020-1,"DEPARTAMENTO DE LENGUAS, LITERATURA Y COMUNICACIÓN / Departamento de Lenguas, Literatura y Comunicación",NO,NO,SI,"Evidencia: calificaciones,seguimiento; vigencia observada, no interpolada",Sólo DIFEM para carreras restringidas
ELL605,CONOCIENDO LOS EXAMENES INTERNACIONALES DE INGLES: GETTING T,Minor en Inglés,Electiva,2020-2,2020-2,"DEPARTAMENTO DE LENGUAS, LITERATURA Y COMUNICACIÓN / Departamento de Lenguas, Literatura y Comunicación",NO,NO,SI,"Evidencia: calificaciones,seguimiento; vigencia observada, no interpolada",Sólo DIFEM para carreras restringidas
ELL605,CONOCIENDO LOS EXAMENES INTERNACIONALES DE INGLES: GETTING T,Minor en Inglés,Electiva,2021-1,2021-1,"DEPARTAMENTO DE LENGUAS, LITERATURA Y COMUNICACIÓN / Departamento de Lenguas, Literatura y Comunicación",NO,NO,SI,"Evidencia: calificaciones,seguimiento; vigencia observada, no interpolada",Sólo DIFEM para carreras restringidas
ELL605,CONOCIENDO LOS EXAMENES INTERNACIONALES DE INGLES: GETTING T,Minor en Inglés,Electiva,2021-2,2021-2,"DEPARTAMENTO DE LENGUAS, LITERATURA Y COMUNICACIÓN",NO,NO,SI,"Evidencia: calificaciones; vigencia observada, no interpolada",Sólo DIFEM para carreras restringidas
ELL605,CONOCIENDO LOS EXAMENES INTERNACIONALES DE INGLES: GETTING T,Minor en Inglés,Electiva,2022-1,2022-1,"DEPARTAMENTO DE LENGUAS, LITERATURA Y COMUNICACIÓN / Departamento de Lenguas, Literatura y Comunicación",NO,NO,SI,"Evidencia: calificaciones,seguimiento; vigencia observada, no interpolada",Sólo DIFEM para carreras restringidas
ELL605,CONOCIENDO LOS EXAMENES INTERNACIONALES DE INGLES: GETTING T,Minor en Inglés,Electiva,2022-2,2022-2,"DEPARTAMENTO DE LENGUAS, LITERATURA Y COMUNICACIÓN / Departamento de Lenguas, Literatura y Comunicación",NO,NO,SI,"Evidencia: calificaciones,seguimiento; vigencia observada, no interpolada",Sólo DIFEM para carreras restringidas
ELL605,CONOCIENDO LOS EXAMENES INTERNACIONALES DE INGLES: GETTING T,Minor en Inglés,Electiva,2023-1,2023-1,"DEPARTAMENTO DE LENGUAS, LITERATURA Y COMUNICACIÓN / Departamento de Lenguas, Literatura y Comunicación",NO,NO,SI,"Evidencia: calificaciones,seguimiento; vigencia observada, no interpolada",Sólo DIFEM para carreras restringidas
ELL605,CONOCIENDO LOS EXAMENES INTERNACIONALES DE INGLES: GETTING T,Minor en Inglés,Electiva,2024-1,2024-1,"DEPARTAMENTO DE LENGUAS, LITERATURA Y COMUNICACIÓN / Departamento de Lenguas, Literatura y Comunicación",NO,NO,SI,"Evidencia: calificaciones,seguimiento; vigencia observada, no interpolada",Sólo DIFEM para carreras restringidas
ELL605,CONOCIENDO LOS EXAMENES INTERNACIONALES DE INGLES: GETTING T,Minor en Inglés,Electiva,2024-2,2024-2,"DEPARTAMENTO DE LENGUAS, LITERATURA Y COMUNICACIÓN / Departamento de Lenguas, Literatura y Comunicación",NO,NO,SI,"Evidencia: calificaciones,seguimiento; vigencia observada, no interpolada",Sólo DIFEM para carreras restringidas
ELL605,CONOCIENDO LOS EXAMENES INTERNACIONALES DE INGLES: GETTING T,Minor en Inglés,Electiva,2025-1,2025-1,"DEPARTAMENTO DE LENGUAS, LITERATURA Y COMUNICACIÓN / Departamento de Lenguas, Literatura y Comunicación",NO,NO,SI,"Evidencia: calificaciones,seguimiento; vigencia observada, no interpolada",Sólo DIFEM para carreras restringidas
ELL605,CONOCIENDO LOS EXAMENES INTERNACIONALES DE INGLES: GETTING T,Minor en Inglés,Electiva,2025-2,2025-2,"DEPARTAMENTO DE LENGUAS, LITERATURA Y COMUNICACIÓN / Departamento de Lenguas, Literatura y Comunicación",NO,NO,SI,"Evidencia: calificaciones,seguimiento; vigencia observada, no interpolada",Sólo DIFEM para carreras restringidas
ELL605,CONOCIENDO LOS EXAMENES INTERNACIONALES DE INGLES: GETTING T,Minor en Inglés,Electiva,2026-1,2026-1,"DEPARTAMENTO DE LENGUAS, LITERATURA Y COMUNICACIÓN",NO,NO,SI,"Evidencia: calificaciones; vigencia observada, no interpolada",Sólo DIFEM para carreras restringidas
ELL607,"COMIDA, CULTURA Y SOCIEDAD/FOOD, CULTURE AND SOCIETY (E/G)",Minor en Inglés,Electiva,2016-2,2016-2,"DEPARTAMENTO DE LENGUAS, LITERATURA Y COMUNICACIÓN / Departamento de Lenguas, Literatura y Comunicación",NO,NO,SI,"Evidencia: calificaciones,seguimiento; vigencia observada, no interpolada",Sólo DIFEM para carreras restringidas
ELL607,"COMIDA, CULTURA Y SOCIEDAD/FOOD, CULTURE AND SOCIETY (E/G)",Minor en Inglés,Electiva,2017-2,2017-2,"DEPARTAMENTO DE LENGUAS, LITERATURA Y COMUNICACIÓN / Departamento de Lenguas, Literatura y Comunicación",NO,NO,SI,"Evidencia: calificaciones,seguimiento; vigencia observada, no interpolada",Sólo DIFEM para carreras restringidas
ELL634,POSTULAR A BECAS DE POST GRADO EN EL EXTRANJERO: CURSO DE CO,Minor en Inglés,Electiva,2017-2,2017-2,"DEPARTAMENTO DE LENGUAS, LITERATURA Y COMUNICACIÓN / Departamento de Lenguas, Literatura y Comunicación",NO,NO,SI,"Evidencia: calificaciones,seguimiento; vigencia observada, no interpolada",Sólo DIFEM para carreras restringidas
ELL634,POSTULAR A BECAS DE POST GRADO EN EL EXTRANJERO: CURSO DE CO,Minor en Inglés,Electiva,2018-1,2018-1,"DEPARTAMENTO DE LENGUAS, LITERATURA Y COMUNICACIÓN / Departamento de Lenguas, Literatura y Comunicación",NO,NO,SI,"Evidencia: calificaciones,seguimiento; vigencia observada, no interpolada",Sólo DIFEM para carreras restringidas
ELL634,POSTULAR A BECAS DE POST GRADO EN EL EXTRANJERO: CURSO DE CO,Minor en Inglés,Electiva,2018-2,2018-2,"DEPARTAMENTO DE LENGUAS, LITERATURA Y COMUNICACIÓN / Departamento de Lenguas, Literatura y Comunicación",NO,NO,SI,"Evidencia: calificaciones,seguimiento; vigencia observada, no interpolada",Sólo DIFEM para carreras restringidas
ELL634,POSTULAR A BECAS DE POST GRADO EN EL EXTRANJERO: CURSO DE CO,Minor en Inglés,Electiva,2019-1,2019-1,"DEPARTAMENTO DE LENGUAS, LITERATURA Y COMUNICACIÓN / Departamento de Lenguas, Literatura y Comunicación",NO,NO,SI,"Evidencia: calificaciones,seguimiento; vigencia observada, no interpolada",Sólo DIFEM para carreras restringidas
ELL634,POSTULAR A BECAS DE POST GRADO EN EL EXTRANJERO: CURSO DE CO,Minor en Inglés,Electiva,2019-2,2019-2,"DEPARTAMENTO DE LENGUAS, LITERATURA Y COMUNICACIÓN / Departamento de Lenguas, Literatura y Comunicación",NO,NO,SI,"Evidencia: calificaciones,seguimiento; vigencia observada, no interpolada",Sólo DIFEM para carreras restringidas
ELL634,POSTULAR A BECAS DE POST GRADO EN EL EXTRANJERO: CURSO DE CO,Minor en Inglés,Electiva,2020-1,2020-1,"DEPARTAMENTO DE LENGUAS, LITERATURA Y COMUNICACIÓN / Departamento de Lenguas, Literatura y Comunicación",NO,NO,SI,"Evidencia: calificaciones,seguimiento; vigencia observada, no interpolada",Sólo DIFEM para carreras restringidas
ELL634,POSTULAR A BECAS DE POST GRADO EN EL EXTRANJERO: CURSO DE CO,Minor en Inglés,Electiva,2020-2,2020-2,"DEPARTAMENTO DE LENGUAS, LITERATURA Y COMUNICACIÓN / Departamento de Lenguas, Literatura y Comunicación",NO,NO,SI,"Evidencia: calificaciones,seguimiento; vigencia observada, no interpolada",Sólo DIFEM para carreras restringidas
ELL634,POSTULAR A BECAS DE POST GRADO EN EL EXTRANJERO: CURSO DE CO,Minor en Inglés,Electiva,2021-1,2021-1,"DEPARTAMENTO DE LENGUAS, LITERATURA Y COMUNICACIÓN / Departamento de Lenguas, Literatura y Comunicación",NO,NO,SI,"Evidencia: calificaciones,seguimiento; vigencia observada, no interpolada",Sólo DIFEM para carreras restringidas
ELL634,POSTULAR A BECAS DE POST GRADO EN EL EXTRANJERO: CURSO DE CO,Minor en Inglés,Electiva,2021-2,2021-2,"DEPARTAMENTO DE LENGUAS, LITERATURA Y COMUNICACIÓN / Departamento de Lenguas, Literatura y Comunicación",NO,NO,SI,"Evidencia: calificaciones,seguimiento; vigencia observada, no interpolada",Sólo DIFEM para carreras restringidas
ELL634,POSTULAR A BECAS DE POST GRADO EN EL EXTRANJERO: CURSO DE CO,Minor en Inglés,Electiva,2022-1,2022-1,"DEPARTAMENTO DE LENGUAS, LITERATURA Y COMUNICACIÓN / Departamento de Lenguas, Literatura y Comunicación",NO,NO,SI,"Evidencia: calificaciones,seguimiento; vigencia observada, no interpolada",Sólo DIFEM para carreras restringidas
ELL634,POSTULAR A BECAS DE POST GRADO EN EL EXTRANJERO: CURSO DE CO,Minor en Inglés,Electiva,2022-2,2022-2,"DEPARTAMENTO DE LENGUAS, LITERATURA Y COMUNICACIÓN / Departamento de Lenguas, Literatura y Comunicación",NO,NO,SI,"Evidencia: calificaciones,seguimiento; vigencia observada, no interpolada",Sólo DIFEM para carreras restringidas
ELL634,POSTULAR A BECAS DE POST GRADO EN EL EXTRANJERO: CURSO DE CO,Minor en Inglés,Electiva,2023-1,2023-1,"DEPARTAMENTO DE LENGUAS, LITERATURA Y COMUNICACIÓN / Departamento de Lenguas, Literatura y Comunicación",NO,NO,SI,"Evidencia: calificaciones,seguimiento; vigencia observada, no interpolada",Sólo DIFEM para carreras restringidas
ELL634,POSTULAR A BECAS DE POST GRADO EN EL EXTRANJERO: CURSO DE CO,Minor en Inglés,Electiva,2023-2,2023-2,"DEPARTAMENTO DE LENGUAS, LITERATURA Y COMUNICACIÓN / Departamento de Lenguas, Literatura y Comunicación",NO,NO,SI,"Evidencia: calificaciones,seguimiento; vigencia observada, no interpolada",Sólo DIFEM para carreras restringidas
ELL634,POSTULAR A BECAS DE POST GRADO EN EL EXTRANJERO: CURSO DE CO,Minor en Inglés,Electiva,2024-1,2024-1,"DEPARTAMENTO DE LENGUAS, LITERATURA Y COMUNICACIÓN / Departamento de Lenguas, Literatura y Comunicación",NO,NO,SI,"Evidencia: calificaciones,seguimiento; vigencia observada, no interpolada",Sólo DIFEM para carreras restringidas
ELL634,POSTULAR A BECAS DE POST GRADO EN EL EXTRANJERO: CURSO DE CO,Minor en Inglés,Electiva,2025-1,2025-1,"DEPARTAMENTO DE LENGUAS, LITERATURA Y COMUNICACIÓN / Departamento de Lenguas, Literatura y Comunicación",NO,NO,SI,"Evidencia: calificaciones,seguimiento; vigencia observada, no interpolada",Sólo DIFEM para carreras restringidas
ELL634,POSTULAR A BECAS DE POST GRADO EN EL EXTRANJERO: CURSO DE CO,Minor en Inglés,Electiva,2026-1,2026-1,"DEPARTAMENTO DE LENGUAS, LITERATURA Y COMUNICACIÓN",NO,NO,SI,"Evidencia: calificaciones; vigencia observada, no interpolada",Sólo DIFEM para carreras restringidas
ELL635,ACTUALIDAD INTERNACIONAL DE CHILE: CONVERSACION Y DISCUSION,Minor en Inglés,Electiva,2017-2,2017-2,"DEPARTAMENTO DE LENGUAS, LITERATURA Y COMUNICACIÓN / Departamento de Lenguas, Literatura y Comunicación",NO,NO,SI,"Evidencia: calificaciones,seguimiento; vigencia observada, no interpolada",Sólo DIFEM para carreras restringidas
ELL635,ACTUALIDAD INTERNACIONAL DE CHILE: CONVERSACION Y DISCUSION,Minor en Inglés,Electiva,2018-1,2018-1,"DEPARTAMENTO DE LENGUAS, LITERATURA Y COMUNICACIÓN / Departamento de Lenguas, Literatura y Comunicación",NO,NO,SI,"Evidencia: calificaciones,seguimiento; vigencia observada, no interpolada",Sólo DIFEM para carreras restringidas
ELL635,ACTUALIDAD INTERNACIONAL DE CHILE: CONVERSACION Y DISCUSION,Minor en Inglés,Electiva,2018-2,2018-2,"DEPARTAMENTO DE LENGUAS, LITERATURA Y COMUNICACIÓN / Departamento de Lenguas, Literatura y Comunicación",NO,NO,SI,"Evidencia: calificaciones,seguimiento; vigencia observada, no interpolada",Sólo DIFEM para carreras restringidas
ELL635,ACTUALIDAD INTERNACIONAL DE CHILE: CONVERSACION Y DISCUSION,Minor en Inglés,Electiva,2019-1,2019-1,"DEPARTAMENTO DE LENGUAS, LITERATURA Y COMUNICACIÓN / Departamento de Lenguas, Literatura y Comunicación",NO,NO,SI,"Evidencia: calificaciones,seguimiento; vigencia observada, no interpolada",Sólo DIFEM para carreras restringidas
ELL635,ACTUALIDAD INTERNACIONAL DE CHILE: CONVERSACION Y DISCUSION,Minor en Inglés,Electiva,2019-2,2019-2,"DEPARTAMENTO DE LENGUAS, LITERATURA Y COMUNICACIÓN / Departamento de Lenguas, Literatura y Comunicación",NO,NO,SI,"Evidencia: calificaciones,seguimiento; vigencia observada, no interpolada",Sólo DIFEM para carreras restringidas
ELL635,ACTUALIDAD INTERNACIONAL DE CHILE: CONVERSACION Y DISCUSION,Minor en Inglés,Electiva,2020-1,2020-1,"DEPARTAMENTO DE LENGUAS, LITERATURA Y COMUNICACIÓN / Departamento de Lenguas, Literatura y Comunicación",NO,NO,SI,"Evidencia: calificaciones,seguimiento; vigencia observada, no interpolada",Sólo DIFEM para carreras restringidas
ELL635,ACTUALIDAD INTERNACIONAL DE CHILE: CONVERSACION Y DISCUSION,Minor en Inglés,Electiva,2020-2,2020-2,"DEPARTAMENTO DE LENGUAS, LITERATURA Y COMUNICACIÓN / Departamento de Lenguas, Literatura y Comunicación",NO,NO,SI,"Evidencia: calificaciones,seguimiento; vigencia observada, no interpolada",Sólo DIFEM para carreras restringidas
ELL635,ACTUALIDAD INTERNACIONAL DE CHILE: CONVERSACION Y DISCUSION,Minor en Inglés,Electiva,2021-1,2021-1,"DEPARTAMENTO DE LENGUAS, LITERATURA Y COMUNICACIÓN / Departamento de Lenguas, Literatura y Comunicación",NO,NO,SI,"Evidencia: calificaciones,seguimiento; vigencia observada, no interpolada",Sólo DIFEM para carreras restringidas
ELL635,ACTUALIDAD INTERNACIONAL DE CHILE: CONVERSACION Y DISCUSION,Minor en Inglés,Electiva,2021-2,2021-2,"DEPARTAMENTO DE LENGUAS, LITERATURA Y COMUNICACIÓN / Departamento de Lenguas, Literatura y Comunicación",NO,NO,SI,"Evidencia: calificaciones,seguimiento; vigencia observada, no interpolada",Sólo DIFEM para carreras restringidas
ELL635,ACTUALIDAD INTERNACIONAL DE CHILE: CONVERSACION Y DISCUSION,Minor en Inglés,Electiva,2023-2,2023-2,"DEPARTAMENTO DE LENGUAS, LITERATURA Y COMUNICACIÓN / Departamento de Lenguas, Literatura y Comunicación",NO,NO,SI,"Evidencia: calificaciones,seguimiento; vigencia observada, no interpolada",Sólo DIFEM para carreras restringidas
ELL635,ACTUALIDAD INTERNACIONAL DE CHILE: CONVERSACION Y DISCUSION,Minor en Inglés,Electiva,2026-1,2026-1,"DEPARTAMENTO DE LENGUAS, LITERATURA Y COMUNICACIÓN",NO,NO,SI,"Evidencia: calificaciones; vigencia observada, no interpolada",Sólo DIFEM para carreras restringidas
ELL641,REDACCION DE DOC. PARA POST. A BECAS-WRITING SCHOLARSHIP APP,Minor en Inglés,Electiva,2019-2,2019-2,"DEPARTAMENTO DE LENGUAS, LITERATURA Y COMUNICACIÓN / Departamento de Lenguas, Literatura y Comunicación",NO,NO,SI,"Evidencia: calificaciones,seguimiento; vigencia observada, no interpolada",Sólo DIFEM para carreras restringidas
ELL641,REDACCION DE DOC. PARA POST. A BECAS-WRITING SCHOLARSHIP APP,Minor en Inglés,Electiva,2021-1,2021-1,"DEPARTAMENTO DE LENGUAS, LITERATURA Y COMUNICACIÓN / Departamento de Lenguas, Literatura y Comunicación",NO,NO,SI,"Evidencia: calificaciones,seguimiento; vigencia observada, no interpolada",Sólo DIFEM para carreras restringidas
ELL641,REDACCION DE DOC. PARA POST. A BECAS-WRITING SCHOLARSHIP APP,Minor en Inglés,Electiva,2021-2,2021-2,"DEPARTAMENTO DE LENGUAS, LITERATURA Y COMUNICACIÓN / Departamento de Lenguas, Literatura y Comunicación",NO,NO,SI,"Evidencia: calificaciones,seguimiento; vigencia observada, no interpolada",Sólo DIFEM para carreras restringidas
ELL701,REDACCION ACADEMICA EN INGLES (E/E),Minor en Inglés,Electiva,2019-2,2019-2,"DEPARTAMENTO DE LENGUAS, LITERATURA Y COMUNICACIÓN / Departamento de Lenguas, Literatura y Comunicación",NO,NO,SI,"Evidencia: calificaciones,seguimiento; vigencia observada, no interpolada",Sólo DIFEM para carreras restringidas
ELL701,REDACCION ACADEMICA EN INGLES (E/E),Minor en Inglés,Electiva,2020-1,2020-1,"DEPARTAMENTO DE LENGUAS, LITERATURA Y COMUNICACIÓN / Departamento de Lenguas, Literatura y Comunicación",NO,NO,SI,"Evidencia: calificaciones,seguimiento; vigencia observada, no interpolada",Sólo DIFEM para carreras restringidas
ELL701,REDACCION ACADEMICA EN INGLES (E/E),Minor en Inglés,Electiva,2020-2,2020-2,"DEPARTAMENTO DE LENGUAS, LITERATURA Y COMUNICACIÓN",NO,NO,SI,"Evidencia: calificaciones; vigencia observada, no interpolada",Sólo DIFEM para carreras restringidas
ELL701,REDACCION ACADEMICA EN INGLES (E/E),Minor en Inglés,Electiva,2021-1,2021-1,"DEPARTAMENTO DE LENGUAS, LITERATURA Y COMUNICACIÓN",NO,NO,SI,"Evidencia: calificaciones; vigencia observada, no interpolada",Sólo DIFEM para carreras restringidas
ELL701,REDACCION ACADEMICA EN INGLES (E/E),Minor en Inglés,Electiva,2021-2,2021-2,"DEPARTAMENTO DE LENGUAS, LITERATURA Y COMUNICACIÓN",NO,NO,SI,"Evidencia: calificaciones; vigencia observada, no interpolada",Sólo DIFEM para carreras restringidas
ELL701,REDACCION ACADEMICA EN INGLES (E/E),Minor en Inglés,Electiva,2022-2,2022-2,"DEPARTAMENTO DE LENGUAS, LITERATURA Y COMUNICACIÓN",NO,NO,SI,"Evidencia: calificaciones; vigencia observada, no interpolada",Sólo DIFEM para carreras restringidas
ELL701,REDACCION ACADEMICA EN INGLES (E/E),Minor en Inglés,Electiva,2023-1,2023-1,"DEPARTAMENTO DE LENGUAS, LITERATURA Y COMUNICACIÓN",NO,NO,SI,"Evidencia: calificaciones; vigencia observada, no interpolada",Sólo DIFEM para carreras restringidas
ELL701,REDACCION ACADEMICA EN INGLES (E/E),Minor en Inglés,Electiva,2023-2,2023-2,"DEPARTAMENTO DE LENGUAS, LITERATURA Y COMUNICACIÓN",NO,NO,SI,"Evidencia: calificaciones; vigencia observada, no interpolada",Sólo DIFEM para carreras restringidas
ELL701,REDACCION ACADEMICA EN INGLES (E/E),Minor en Inglés,Electiva,2024-2,2024-2,"DEPARTAMENTO DE LENGUAS, LITERATURA Y COMUNICACIÓN",NO,NO,SI,"Evidencia: calificaciones; vigencia observada, no interpolada",Sólo DIFEM para carreras restringidas
ELL701,REDACCION ACADEMICA EN INGLES (E/E),Minor en Inglés,Electiva,2025-2,2025-2,"Coordinación de Formación General e Idiomas / DEPARTAMENTO DE LENGUAS, LITERATURA Y COMUNICACIÓN / Departamento de Lenguas, Literatura y Comunicación",REVISAR,REVISAR,SI,"Evidencia: calificaciones,seguimiento; vigencia observada, no interpolada",Sólo DIFEM para carreras restringidas
ELL701,REDACCION ACADEMICA EN INGLES (E/E),Minor en Inglés,Electiva,2026-1,2026-1,"DEPARTAMENTO DE LENGUAS, LITERATURA Y COMUNICACIÓN",NO,NO,SI,"Evidencia: calificaciones; vigencia observada, no interpolada",Sólo DIFEM para carreras restringidas
ELL704,CONOCIENDO FINLANDIA CONVERSATION CLASS (E/G),Minor en Inglés,Electiva,2019-2,2019-2,"DEPARTAMENTO DE LENGUAS, LITERATURA Y COMUNICACIÓN / Departamento de Lenguas, Literatura y Comunicación",NO,NO,SI,"Evidencia: calificaciones,seguimiento; vigencia observada, no interpolada",Sólo DIFEM para carreras restringidas
ELL704,CONOCIENDO FINLANDIA CONVERSATION CLASS (E/G),Minor en Inglés,Electiva,2020-2,2020-2,"DEPARTAMENTO DE LENGUAS, LITERATURA Y COMUNICACIÓN / Departamento de Lenguas, Literatura y Comunicación",NO,NO,SI,"Evidencia: calificaciones,seguimiento; vigencia observada, no interpolada",Sólo DIFEM para carreras restringidas
ELL704,CONOCIENDO FINLANDIA CONVERSATION CLASS (E/G),Minor en Inglés,Electiva,2021-1,2021-1,"DEPARTAMENTO DE LENGUAS, LITERATURA Y COMUNICACIÓN",NO,NO,SI,"Evidencia: calificaciones; vigencia observada, no interpolada",Sólo DIFEM para carreras restringidas
ELL704,CONOCIENDO FINLANDIA CONVERSATION CLASS (E/G),Minor en Inglés,Electiva,2021-2,2021-2,"DEPARTAMENTO DE LENGUAS, LITERATURA Y COMUNICACIÓN / Departamento de Lenguas, Literatura y Comunicación",NO,NO,SI,"Evidencia: calificaciones,seguimiento; vigencia observada, no interpolada",Sólo DIFEM para carreras restringidas
ELL704,CONOCIENDO FINLANDIA CONVERSATION CLASS (E/G),Minor en Inglés,Electiva,2022-1,2022-1,"DEPARTAMENTO DE LENGUAS, LITERATURA Y COMUNICACIÓN / Departamento de Lenguas, Literatura y Comunicación",NO,NO,SI,"Evidencia: calificaciones,seguimiento; vigencia observada, no interpolada",Sólo DIFEM para carreras restringidas
ELL704,CONOCIENDO FINLANDIA CONVERSATION CLASS (E/G),Minor en Inglés,Electiva,2022-2,2022-2,"DEPARTAMENTO DE LENGUAS, LITERATURA Y COMUNICACIÓN / Departamento de Lenguas, Literatura y Comunicación",NO,NO,SI,"Evidencia: calificaciones,seguimiento; vigencia observada, no interpolada",Sólo DIFEM para carreras restringidas
ELL704,CONOCIENDO FINLANDIA CONVERSATION CLASS (E/G),Minor en Inglés,Electiva,2023-1,2023-1,"DEPARTAMENTO DE LENGUAS, LITERATURA Y COMUNICACIÓN / Departamento de Lenguas, Literatura y Comunicación",NO,NO,SI,"Evidencia: calificaciones,seguimiento; vigencia observada, no interpolada",Sólo DIFEM para carreras restringidas
ELL704,CONOCIENDO FINLANDIA CONVERSATION CLASS (E/G),Minor en Inglés,Electiva,2023-2,2023-2,"DEPARTAMENTO DE LENGUAS, LITERATURA Y COMUNICACIÓN / Departamento de Lenguas, Literatura y Comunicación",NO,NO,SI,"Evidencia: calificaciones,seguimiento; vigencia observada, no interpolada",Sólo DIFEM para carreras restringidas
ELL704,CONOCIENDO FINLANDIA CONVERSATION CLASS (E/G),Minor en Inglés,Electiva,2024-1,2024-1,"DEPARTAMENTO DE LENGUAS, LITERATURA Y COMUNICACIÓN / Departamento de Lenguas, Literatura y Comunicación",NO,NO,SI,"Evidencia: calificaciones,seguimiento; vigencia observada, no interpolada",Sólo DIFEM para carreras restringidas
ELL704,CONOCIENDO FINLANDIA CONVERSATION CLASS (E/G),Minor en Inglés,Electiva,2024-2,2024-2,"DEPARTAMENTO DE LENGUAS, LITERATURA Y COMUNICACIÓN / Departamento de Lenguas, Literatura y Comunicación",NO,NO,SI,"Evidencia: calificaciones,seguimiento; vigencia observada, no interpolada",Sólo DIFEM para carreras restringidas
ELL704,CONOCIENDO FINLANDIA CONVERSATION CLASS (E/G),Minor en Inglés,Electiva,2025-1,2025-1,"DEPARTAMENTO DE LENGUAS, LITERATURA Y COMUNICACIÓN / Departamento de Lenguas, Literatura y Comunicación",NO,NO,SI,"Evidencia: calificaciones,seguimiento; vigencia observada, no interpolada",Sólo DIFEM para carreras restringidas
ELL704,CONOCIENDO FINLANDIA CONVERSATION CLASS (E/G),Minor en Inglés,Electiva,2025-2,2025-2,"DEPARTAMENTO DE LENGUAS, LITERATURA Y COMUNICACIÓN / Departamento de Lenguas, Literatura y Comunicación",NO,NO,SI,"Evidencia: calificaciones,seguimiento; vigencia observada, no interpolada",Sólo DIFEM para carreras restringidas
ELL704,CONOCIENDO FINLANDIA CONVERSATION CLASS (E/G),Minor en Inglés,Electiva,2026-1,2026-1,"DEPARTAMENTO DE LENGUAS, LITERATURA Y COMUNICACIÓN",NO,NO,SI,"Evidencia: calificaciones; vigencia observada, no interpolada",Sólo DIFEM para carreras restringidas
ELL706,ESTA ES FINLANDIA: CULTURA Y FORMA DE VIDA. CONVERSATION CLA,Minor en Inglés,Electiva,2019-2,2019-2,"DEPARTAMENTO DE LENGUAS, LITERATURA Y COMUNICACIÓN / Departamento de Lenguas, Literatura y Comunicación",NO,NO,SI,"Evidencia: calificaciones,seguimiento; vigencia observada, no interpolada",Sólo DIFEM para carreras restringidas
ELL706,ESTA ES FINLANDIA: CULTURA Y FORMA DE VIDA. CONVERSATION CLA,Minor en Inglés,Electiva,2020-1,2020-1,"DEPARTAMENTO DE LENGUAS, LITERATURA Y COMUNICACIÓN / Departamento de Lenguas, Literatura y Comunicación",NO,NO,SI,"Evidencia: calificaciones,seguimiento; vigencia observada, no interpolada",Sólo DIFEM para carreras restringidas
ELL706,ESTA ES FINLANDIA: CULTURA Y FORMA DE VIDA. CONVERSATION CLA,Minor en Inglés,Electiva,2021-2,2021-2,"DEPARTAMENTO DE LENGUAS, LITERATURA Y COMUNICACIÓN / Departamento de Lenguas, Literatura y Comunicación",NO,NO,SI,"Evidencia: calificaciones,seguimiento; vigencia observada, no interpolada",Sólo DIFEM para carreras restringidas
ELL706,ESTA ES FINLANDIA: CULTURA Y FORMA DE VIDA. CONVERSATION CLA,Minor en Inglés,Electiva,2022-1,2022-1,"DEPARTAMENTO DE LENGUAS, LITERATURA Y COMUNICACIÓN / Departamento de Lenguas, Literatura y Comunicación",NO,NO,SI,"Evidencia: calificaciones,seguimiento; vigencia observada, no interpolada",Sólo DIFEM para carreras restringidas
ELL706,ESTA ES FINLANDIA: CULTURA Y FORMA DE VIDA. CONVERSATION CLA,Minor en Inglés,Electiva,2022-2,2022-2,"DEPARTAMENTO DE LENGUAS, LITERATURA Y COMUNICACIÓN / Departamento de Lenguas, Literatura y Comunicación",NO,NO,SI,"Evidencia: calificaciones,seguimiento; vigencia observada, no interpolada",Sólo DIFEM para carreras restringidas
ELL706,ESTA ES FINLANDIA: CULTURA Y FORMA DE VIDA. CONVERSATION CLA,Minor en Inglés,Electiva,2023-1,2023-1,"DEPARTAMENTO DE LENGUAS, LITERATURA Y COMUNICACIÓN / Departamento de Lenguas, Literatura y Comunicación",NO,NO,SI,"Evidencia: calificaciones,seguimiento; vigencia observada, no interpolada",Sólo DIFEM para carreras restringidas
ELL706,ESTA ES FINLANDIA: CULTURA Y FORMA DE VIDA. CONVERSATION CLA,Minor en Inglés,Electiva,2023-2,2023-2,"DEPARTAMENTO DE LENGUAS, LITERATURA Y COMUNICACIÓN / Departamento de Lenguas, Literatura y Comunicación",NO,NO,SI,"Evidencia: calificaciones,seguimiento; vigencia observada, no interpolada",Sólo DIFEM para carreras restringidas
ELL706,ESTA ES FINLANDIA: CULTURA Y FORMA DE VIDA. CONVERSATION CLA,Minor en Inglés,Electiva,2024-1,2024-1,"DEPARTAMENTO DE LENGUAS, LITERATURA Y COMUNICACIÓN / Departamento de Lenguas, Literatura y Comunicación",NO,NO,SI,"Evidencia: calificaciones,seguimiento; vigencia observada, no interpolada",Sólo DIFEM para carreras restringidas
ELL706,ESTA ES FINLANDIA: CULTURA Y FORMA DE VIDA. CONVERSATION CLA,Minor en Inglés,Electiva,2024-2,2024-2,"DEPARTAMENTO DE LENGUAS, LITERATURA Y COMUNICACIÓN / Departamento de Lenguas, Literatura y Comunicación",NO,NO,SI,"Evidencia: calificaciones,seguimiento; vigencia observada, no interpolada",Sólo DIFEM para carreras restringidas
ELL706,ESTA ES FINLANDIA: CULTURA Y FORMA DE VIDA. CONVERSATION CLA,Minor en Inglés,Electiva,2025-1,2025-1,"DEPARTAMENTO DE LENGUAS, LITERATURA Y COMUNICACIÓN / Departamento de Lenguas, Literatura y Comunicación",NO,NO,SI,"Evidencia: calificaciones,seguimiento; vigencia observada, no interpolada",Sólo DIFEM para carreras restringidas
ELL706,ESTA ES FINLANDIA: CULTURA Y FORMA DE VIDA. CONVERSATION CLA,Minor en Inglés,Electiva,2025-2,2025-2,"DEPARTAMENTO DE LENGUAS, LITERATURA Y COMUNICACIÓN / Departamento de Lenguas, Literatura y Comunicación",NO,NO,SI,"Evidencia: calificaciones,seguimiento; vigencia observada, no interpolada",Sólo DIFEM para carreras restringidas
ELL706,ESTA ES FINLANDIA: CULTURA Y FORMA DE VIDA. CONVERSATION CLA,Minor en Inglés,Electiva,2026-1,2026-1,"DEPARTAMENTO DE LENGUAS, LITERATURA Y COMUNICACIÓN",NO,NO,SI,"Evidencia: calificaciones; vigencia observada, no interpolada",Sólo DIFEM para carreras restringidas
ELL753,CURSO DE PRONUNCIACION DEL INGLES/COURSE ...(E/G),Minor en Inglés,Electiva,2020-1,2020-1,"DEPARTAMENTO DE LENGUAS, LITERATURA Y COMUNICACIÓN / Departamento de Lenguas, Literatura y Comunicación",NO,NO,SI,"Evidencia: calificaciones,seguimiento; vigencia observada, no interpolada",Sólo DIFEM para carreras restringidas
ELL753,CURSO DE PRONUNCIACION DEL INGLES/COURSE ...(E/G),Minor en Inglés,Electiva,2023-2,2023-2,"DEPARTAMENTO DE LENGUAS, LITERATURA Y COMUNICACIÓN",NO,NO,SI,"Evidencia: calificaciones; vigencia observada, no interpolada",Sólo DIFEM para carreras restringidas
ELL753,CURSO DE PRONUNCIACION DEL INGLES/COURSE ...(E/G),Minor en Inglés,Electiva,2025-1,2025-1,"DEPARTAMENTO DE LENGUAS, LITERATURA Y COMUNICACIÓN / Departamento de Lenguas, Literatura y Comunicación",NO,NO,SI,"Evidencia: calificaciones,seguimiento; vigencia observada, no interpolada",Sólo DIFEM para carreras restringidas
ELL753,CURSO DE PRONUNCIACION DEL INGLES/COURSE ...(E/G),Minor en Inglés,Electiva,2025-2,2025-2,"DEPARTAMENTO DE LENGUAS, LITERATURA Y COMUNICACIÓN / Departamento de Lenguas, Literatura y Comunicación",NO,NO,SI,"Evidencia: calificaciones,seguimiento; vigencia observada, no interpolada",Sólo DIFEM para carreras restringidas
ELL753,CURSO DE PRONUNCIACION DEL INGLES/COURSE ...(E/G),Minor en Inglés,Electiva,2026-1,2026-1,"DEPARTAMENTO DE LENGUAS, LITERATURA Y COMUNICACIÓN",NO,NO,SI,"Evidencia: calificaciones; vigencia observada, no interpolada",Sólo DIFEM para carreras restringidas
ELL760,THE ART OF SPEAKING IN PUBLIC (E/G ) (PROGRAMA MINOR INGLES),Minor en Inglés,Electiva,2021-1,2021-1,"DEPARTAMENTO DE LENGUAS, LITERATURA Y COMUNICACIÓN / Departamento de Lenguas, Literatura y Comunicación",NO,NO,SI,"Evidencia: calificaciones,seguimiento; vigencia observada, no interpolada",Sólo DIFEM para carreras restringidas
ELL760,THE ART OF SPEAKING IN PUBLIC (E/G ) (PROGRAMA MINOR INGLES),Minor en Inglés,Electiva,2021-2,2021-2,"DEPARTAMENTO DE LENGUAS, LITERATURA Y COMUNICACIÓN / Departamento de Lenguas, Literatura y Comunicación",NO,NO,SI,"Evidencia: calificaciones,seguimiento; vigencia observada, no interpolada",Sólo DIFEM para carreras restringidas
ELL768,"IRLANDA, LA ISLA ESMERALDA/IRELAND, THE EMERALD ISLE (E/G)",Minor en Inglés,Electiva,2021-2,2021-2,"DEPARTAMENTO DE LENGUAS, LITERATURA Y COMUNICACIÓN / Departamento de Lenguas, Literatura y Comunicación",NO,NO,SI,"Evidencia: calificaciones,seguimiento; vigencia observada, no interpolada",Sólo DIFEM para carreras restringidas
ELL768,"IRLANDA, LA ISLA ESMERALDA/IRELAND, THE EMERALD ISLE (E/G)",Minor en Inglés,Electiva,2022-1,2022-1,"DEPARTAMENTO DE LENGUAS, LITERATURA Y COMUNICACIÓN / Departamento de Lenguas, Literatura y Comunicación",NO,NO,SI,"Evidencia: calificaciones,seguimiento; vigencia observada, no interpolada",Sólo DIFEM para carreras restringidas
ELL768,"IRLANDA, LA ISLA ESMERALDA/IRELAND, THE EMERALD ISLE (E/G)",Minor en Inglés,Electiva,2022-2,2022-2,"DEPARTAMENTO DE LENGUAS, LITERATURA Y COMUNICACIÓN / Departamento de Lenguas, Literatura y Comunicación",NO,NO,SI,"Evidencia: calificaciones,seguimiento; vigencia observada, no interpolada",Sólo DIFEM para carreras restringidas
ELL768,"IRLANDA, LA ISLA ESMERALDA/IRELAND, THE EMERALD ISLE (E/G)",Minor en Inglés,Electiva,2023-1,2023-1,"DEPARTAMENTO DE LENGUAS, LITERATURA Y COMUNICACIÓN / Departamento de Lenguas, Literatura y Comunicación",NO,NO,SI,"Evidencia: calificaciones,seguimiento; vigencia observada, no interpolada",Sólo DIFEM para carreras restringidas
ELL768,"IRLANDA, LA ISLA ESMERALDA/IRELAND, THE EMERALD ISLE (E/G)",Minor en Inglés,Electiva,2023-2,2023-2,"DEPARTAMENTO DE LENGUAS, LITERATURA Y COMUNICACIÓN / Departamento de Lenguas, Literatura y Comunicación",NO,NO,SI,"Evidencia: calificaciones,seguimiento; vigencia observada, no interpolada",Sólo DIFEM para carreras restringidas
ELL768,"IRLANDA, LA ISLA ESMERALDA/IRELAND, THE EMERALD ISLE (E/G)",Minor en Inglés,Electiva,2024-1,2024-1,"DEPARTAMENTO DE LENGUAS, LITERATURA Y COMUNICACIÓN / Departamento de Lenguas, Literatura y Comunicación",NO,NO,SI,"Evidencia: calificaciones,seguimiento; vigencia observada, no interpolada",Sólo DIFEM para carreras restringidas
ELL768,"IRLANDA, LA ISLA ESMERALDA/IRELAND, THE EMERALD ISLE (E/G)",Minor en Inglés,Electiva,2024-2,2024-2,"DEPARTAMENTO DE LENGUAS, LITERATURA Y COMUNICACIÓN / Departamento de Lenguas, Literatura y Comunicación",NO,NO,SI,"Evidencia: calificaciones,seguimiento; vigencia observada, no interpolada",Sólo DIFEM para carreras restringidas
ELL768,"IRLANDA, LA ISLA ESMERALDA/IRELAND, THE EMERALD ISLE (E/G)",Minor en Inglés,Electiva,2025-1,2025-1,"DEPARTAMENTO DE LENGUAS, LITERATURA Y COMUNICACIÓN / Departamento de Lenguas, Literatura y Comunicación",NO,NO,SI,"Evidencia: calificaciones,seguimiento; vigencia observada, no interpolada",Sólo DIFEM para carreras restringidas
ELL768,"IRLANDA, LA ISLA ESMERALDA/IRELAND, THE EMERALD ISLE (E/G)",Minor en Inglés,Electiva,2025-2,2025-2,"DEPARTAMENTO DE LENGUAS, LITERATURA Y COMUNICACIÓN / Departamento de Lenguas, Literatura y Comunicación",NO,NO,SI,"Evidencia: calificaciones,seguimiento; vigencia observada, no interpolada",Sólo DIFEM para carreras restringidas
ELL768,"IRLANDA, LA ISLA ESMERALDA/IRELAND, THE EMERALD ISLE (E/G)",Minor en Inglés,Electiva,2026-1,2026-1,"DEPARTAMENTO DE LENGUAS, LITERATURA Y COMUNICACIÓN",NO,NO,SI,"Evidencia: calificaciones; vigencia observada, no interpolada",Sólo DIFEM para carreras restringidas
ELL822,ENGLISH FOR  ONE HEALTH  (NIVEL B1) (E/G),Minor en Inglés,Electiva,2026-1,2026-1,"DEPARTAMENTO DE LENGUAS, LITERATURA Y COMUNICACIÓN",NO,NO,SI,"Evidencia: calificaciones; vigencia observada, no interpolada",Sólo DIFEM para carreras restringidas
IAE491,GLOBALIZACION Y ORGANIZACIONES INTERNACIONALES (E),Minor en Inglés,Electiva,2015-1,2015-1,DEPARTAMENTO DE ADMINISTRACION Y ECONOMIA,NO,NO,SI,"Evidencia: calificaciones; vigencia observada, no interpolada",Sólo DIFEM para carreras restringidas
IAE491,GLOBALIZACION Y ORGANIZACIONES INTERNACIONALES (E),Minor en Inglés,Electiva,2015-2,2015-2,DEPARTAMENTO DE ADMINISTRACION Y ECONOMIA,NO,NO,SI,"Evidencia: calificaciones; vigencia observada, no interpolada",Sólo DIFEM para carreras restringidas
IAE491,GLOBALIZACION Y ORGANIZACIONES INTERNACIONALES (E),Minor en Inglés,Electiva,2016-1,2016-1,DEPARTAMENTO DE ADMINISTRACION Y ECONOMIA,NO,NO,SI,"Evidencia: calificaciones; vigencia observada, no interpolada",Sólo DIFEM para carreras restringidas
IAE491,GLOBALIZACION Y ORGANIZACIONES INTERNACIONALES (E),Minor en Inglés,Electiva,2016-2,2016-2,DEPARTAMENTO DE ADMINISTRACION Y ECONOMIA / Departamento de Administración y Economía,NO,NO,SI,"Evidencia: calificaciones,seguimiento; vigencia observada, no interpolada",Sólo DIFEM para carreras restringidas
IAE491,GLOBALIZACION Y ORGANIZACIONES INTERNACIONALES (E),Minor en Inglés,Electiva,2018-1,2018-1,DEPARTAMENTO DE ADMINISTRACION Y ECONOMIA,NO,NO,SI,"Evidencia: calificaciones; vigencia observada, no interpolada",Sólo DIFEM para carreras restringidas
IAE491,GLOBALIZACION Y ORGANIZACIONES INTERNACIONALES (E),Minor en Inglés,Electiva,2021-1,2021-1,DEPARTAMENTO DE ADMINISTRACION Y ECONOMIA,NO,NO,SI,"Evidencia: calificaciones; vigencia observada, no interpolada",Sólo DIFEM para carreras restringidas
DFI051,"MIGRACIÓN, GÉNERO Y DISIDENCIAS SEXUALES (E/G)",Minor en Relaciones Interculturales,Electiva,2023-2,2023-2,COORDINACION DE FORMACIÓN GENERAL E IDIOMAS / Coordinación de Formación General e Idiomas,REVISAR,REVISAR,SI,"Evidencia: calificaciones,seguimiento; vigencia observada, no interpolada",Sólo DIFEM para carreras restringidas
DFI051,"MIGRACIÓN, GÉNERO Y DISIDENCIAS SEXUALES (E/G)",Minor en Relaciones Interculturales,Electiva,2024-1,2024-1,COORDINACION DE FORMACIÓN GENERAL E IDIOMAS / Coordinación de Formación General e Idiomas,REVISAR,REVISAR,SI,"Evidencia: calificaciones,seguimiento; vigencia observada, no interpolada",Sólo DIFEM para carreras restringidas
DFI051,"MIGRACIÓN, GÉNERO Y DISIDENCIAS SEXUALES (E/G)",Minor en Relaciones Interculturales,Electiva,2025-2,2025-2,COORDINACION DE FORMACIÓN GENERAL E IDIOMAS / Coordinación de Formación General e Idiomas,REVISAR,REVISAR,SI,"Evidencia: calificaciones,seguimiento; vigencia observada, no interpolada",Sólo DIFEM para carreras restringidas
DFI051,"MIGRACIÓN, GÉNERO Y DISIDENCIAS SEXUALES (E/G)",Minor en Relaciones Interculturales,Electiva,2026-1,2026-1,COORDINACION DE FORMACIÓN GENERAL E IDIOMAS,REVISAR,REVISAR,SI,"Evidencia: calificaciones; vigencia observada, no interpolada",Sólo DIFEM para carreras restringidas
DFI221,RACISMO E INTERCULTURALIDAD (E/G),Minor en Relaciones Interculturales,Electiva,2019-2,2019-2,COORDINACION DE FORMACIÓN GENERAL E IDIOMAS,REVISAR,REVISAR,SI,"Evidencia: calificaciones; vigencia observada, no interpolada",Sólo DIFEM para carreras restringidas
DFI221,RACISMO E INTERCULTURALIDAD (E/G),Minor en Relaciones Interculturales,Electiva,2020-1,2020-1,COORDINACION DE FORMACIÓN GENERAL E IDIOMAS,REVISAR,REVISAR,SI,"Evidencia: calificaciones; vigencia observada, no interpolada",Sólo DIFEM para carreras restringidas
DFI221,RACISMO E INTERCULTURALIDAD (E/G),Minor en Relaciones Interculturales,Electiva,2022-2,2022-2,COORDINACION DE FORMACIÓN GENERAL E IDIOMAS,REVISAR,REVISAR,SI,"Evidencia: calificaciones; vigencia observada, no interpolada",Sólo DIFEM para carreras restringidas
DFI221,RACISMO E INTERCULTURALIDAD (E/G),Minor en Relaciones Interculturales,Electiva,2023-1,2023-1,COORDINACION DE FORMACIÓN GENERAL E IDIOMAS,REVISAR,REVISAR,SI,"Evidencia: calificaciones; vigencia observada, no interpolada",Sólo DIFEM para carreras restringidas
DFI221,RACISMO E INTERCULTURALIDAD (E/G),Minor en Relaciones Interculturales,Electiva,2023-2,2023-2,COORDINACION DE FORMACIÓN GENERAL E IDIOMAS,REVISAR,REVISAR,SI,"Evidencia: calificaciones; vigencia observada, no interpolada",Sólo DIFEM para carreras restringidas
DFI221,RACISMO E INTERCULTURALIDAD (E/G),Minor en Relaciones Interculturales,Electiva,2024-1,2024-1,COORDINACION DE FORMACIÓN GENERAL E IDIOMAS,REVISAR,REVISAR,SI,"Evidencia: calificaciones; vigencia observada, no interpolada",Sólo DIFEM para carreras restringidas
DFI221,RACISMO E INTERCULTURALIDAD (E/G),Minor en Relaciones Interculturales,Electiva,2024-2,2024-2,COORDINACION DE FORMACIÓN GENERAL E IDIOMAS,REVISAR,REVISAR,SI,"Evidencia: calificaciones; vigencia observada, no interpolada",Sólo DIFEM para carreras restringidas
DFI221,RACISMO E INTERCULTURALIDAD (E/G),Minor en Relaciones Interculturales,Electiva,2025-1,2025-1,COORDINACION DE FORMACIÓN GENERAL E IDIOMAS,REVISAR,REVISAR,SI,"Evidencia: calificaciones; vigencia observada, no interpolada",Sólo DIFEM para carreras restringidas
DFI221,RACISMO E INTERCULTURALIDAD (E/G),Minor en Relaciones Interculturales,Electiva,2025-2,2025-2,COORDINACION DE FORMACIÓN GENERAL E IDIOMAS / Coordinación de Formación General e Idiomas,REVISAR,REVISAR,SI,"Evidencia: calificaciones,seguimiento; vigencia observada, no interpolada",Sólo DIFEM para carreras restringidas
DFI221,RACISMO E INTERCULTURALIDAD (E/G),Minor en Relaciones Interculturales,Electiva,2026-1,2026-1,COORDINACION DE FORMACIÓN GENERAL E IDIOMAS,REVISAR,REVISAR,SI,"Evidencia: calificaciones; vigencia observada, no interpolada",Sólo DIFEM para carreras restringidas
DFI223,"LA MIGRACION Y EL BLACK MIRROR. CINE, SERIES Y RED. SOCIALES",Minor en Relaciones Interculturales,Electiva,2022-2,2022-2,COORDINACION DE FORMACIÓN GENERAL E IDIOMAS / Coordinación de Formación General e Idiomas,REVISAR,REVISAR,SI,"Evidencia: calificaciones,seguimiento; vigencia observada, no interpolada",Sólo DIFEM para carreras restringidas
DFI223,"LA MIGRACION Y EL BLACK MIRROR. CINE, SERIES Y RED. SOCIALES",Minor en Relaciones Interculturales,Electiva,2023-1,2023-1,COORDINACION DE FORMACIÓN GENERAL E IDIOMAS / Coordinación de Formación General e Idiomas,REVISAR,REVISAR,SI,"Evidencia: calificaciones,seguimiento; vigencia observada, no interpolada",Sólo DIFEM para carreras restringidas
DFI223,"LA MIGRACION Y EL BLACK MIRROR. CINE, SERIES Y RED. SOCIALES",Minor en Relaciones Interculturales,Electiva,2023-2,2023-2,COORDINACION DE FORMACIÓN GENERAL E IDIOMAS / Coordinación de Formación General e Idiomas,REVISAR,REVISAR,SI,"Evidencia: calificaciones,seguimiento; vigencia observada, no interpolada",Sólo DIFEM para carreras restringidas
DFI223,"LA MIGRACION Y EL BLACK MIRROR. CINE, SERIES Y RED. SOCIALES",Minor en Relaciones Interculturales,Electiva,2024-1,2024-1,COORDINACION DE FORMACIÓN GENERAL E IDIOMAS / Coordinación de Formación General e Idiomas,REVISAR,REVISAR,SI,"Evidencia: calificaciones,seguimiento; vigencia observada, no interpolada",Sólo DIFEM para carreras restringidas
DFI223,"LA MIGRACION Y EL BLACK MIRROR. CINE, SERIES Y RED. SOCIALES",Minor en Relaciones Interculturales,Electiva,2024-2,2024-2,COORDINACION DE FORMACIÓN GENERAL E IDIOMAS / Coordinación de Formación General e Idiomas,REVISAR,REVISAR,SI,"Evidencia: calificaciones,seguimiento; vigencia observada, no interpolada",Sólo DIFEM para carreras restringidas
DFI223,"LA MIGRACION Y EL BLACK MIRROR. CINE, SERIES Y RED. SOCIALES",Minor en Relaciones Interculturales,Electiva,2025-1,2025-1,COORDINACION DE FORMACIÓN GENERAL E IDIOMAS / Coordinación de Formación General e Idiomas,REVISAR,REVISAR,SI,"Evidencia: calificaciones,seguimiento; vigencia observada, no interpolada",Sólo DIFEM para carreras restringidas
DFI223,"LA MIGRACION Y EL BLACK MIRROR. CINE, SERIES Y RED. SOCIALES",Minor en Relaciones Interculturales,Electiva,2025-2,2025-2,COORDINACION DE FORMACIÓN GENERAL E IDIOMAS / Coordinación de Formación General e Idiomas,REVISAR,REVISAR,SI,"Evidencia: calificaciones,seguimiento; vigencia observada, no interpolada",Sólo DIFEM para carreras restringidas
DFI223,"LA MIGRACION Y EL BLACK MIRROR. CINE, SERIES Y RED. SOCIALES",Minor en Relaciones Interculturales,Electiva,2026-1,2026-1,COORDINACION DE FORMACIÓN GENERAL E IDIOMAS,REVISAR,REVISAR,SI,"Evidencia: calificaciones; vigencia observada, no interpolada",Sólo DIFEM para carreras restringidas
DFI300,CIUDADANIA Y RELACIONES INTERCULTURALES (E/G),Minor en Relaciones Interculturales,Troncal,2021-1,2021-1,COORDINACION DE FORMACIÓN GENERAL E IDIOMAS / Coordinación de Formación General e Idiomas,REVISAR,REVISAR,SI,"Evidencia: calificaciones,seguimiento; vigencia observada, no interpolada",Sólo DIFEM para carreras restringidas
DFI300,CIUDADANIA Y RELACIONES INTERCULTURALES (E/G),Minor en Relaciones Interculturales,Troncal,2021-2,2021-2,COORDINACION DE FORMACIÓN GENERAL E IDIOMAS / Coordinación de Formación General e Idiomas,REVISAR,REVISAR,SI,"Evidencia: calificaciones,seguimiento; vigencia observada, no interpolada",Sólo DIFEM para carreras restringidas
DFI300,CIUDADANIA Y RELACIONES INTERCULTURALES (E/G),Minor en Relaciones Interculturales,Troncal,2022-1,2022-1,COORDINACION DE FORMACIÓN GENERAL E IDIOMAS / Coordinación de Formación General e Idiomas,REVISAR,REVISAR,SI,"Evidencia: calificaciones,seguimiento; vigencia observada, no interpolada",Sólo DIFEM para carreras restringidas
DFI300,CIUDADANIA Y RELACIONES INTERCULTURALES (E/G),Minor en Relaciones Interculturales,Troncal,2022-2,2022-2,COORDINACION DE FORMACIÓN GENERAL E IDIOMAS / Coordinación de Formación General e Idiomas,REVISAR,REVISAR,SI,"Evidencia: calificaciones,seguimiento; vigencia observada, no interpolada",Sólo DIFEM para carreras restringidas
DFI300,CIUDADANIA Y RELACIONES INTERCULTURALES (E/G),Minor en Relaciones Interculturales,Troncal,2023-1,2023-1,COORDINACION DE FORMACIÓN GENERAL E IDIOMAS / Coordinación de Formación General e Idiomas,REVISAR,REVISAR,SI,"Evidencia: calificaciones,seguimiento; vigencia observada, no interpolada",Sólo DIFEM para carreras restringidas
DFI300,CIUDADANIA Y RELACIONES INTERCULTURALES (E/G),Minor en Relaciones Interculturales,Troncal,2023-2,2023-2,COORDINACION DE FORMACIÓN GENERAL E IDIOMAS / Coordinación de Formación General e Idiomas,REVISAR,REVISAR,SI,"Evidencia: calificaciones,seguimiento; vigencia observada, no interpolada",Sólo DIFEM para carreras restringidas
DFI300,CIUDADANIA Y RELACIONES INTERCULTURALES (E/G),Minor en Relaciones Interculturales,Troncal,2024-1,2024-1,COORDINACION DE FORMACIÓN GENERAL E IDIOMAS / Coordinación de Formación General e Idiomas,REVISAR,REVISAR,SI,"Evidencia: calificaciones,seguimiento; vigencia observada, no interpolada",Sólo DIFEM para carreras restringidas
DFI300,CIUDADANIA Y RELACIONES INTERCULTURALES (E/G),Minor en Relaciones Interculturales,Troncal,2024-2,2024-2,COORDINACION DE FORMACIÓN GENERAL E IDIOMAS / Coordinación de Formación General e Idiomas,REVISAR,REVISAR,SI,"Evidencia: calificaciones,seguimiento; vigencia observada, no interpolada",Sólo DIFEM para carreras restringidas
DFI300,CIUDADANIA Y RELACIONES INTERCULTURALES (E/G),Minor en Relaciones Interculturales,Troncal,2025-1,2025-1,COORDINACION DE FORMACIÓN GENERAL E IDIOMAS / Coordinación de Formación General e Idiomas,REVISAR,REVISAR,SI,"Evidencia: calificaciones,seguimiento; vigencia observada, no interpolada",Sólo DIFEM para carreras restringidas
DFI300,CIUDADANIA Y RELACIONES INTERCULTURALES (E/G),Minor en Relaciones Interculturales,Troncal,2025-2,2025-2,COORDINACION DE FORMACIÓN GENERAL E IDIOMAS / Coordinación de Formación General e Idiomas,REVISAR,REVISAR,SI,"Evidencia: calificaciones,seguimiento; vigencia observada, no interpolada",Sólo DIFEM para carreras restringidas
DFI300,CIUDADANIA Y RELACIONES INTERCULTURALES (E/G),Minor en Relaciones Interculturales,Troncal,2026-1,2026-1,COORDINACION DE FORMACIÓN GENERAL E IDIOMAS,REVISAR,REVISAR,SI,"Evidencia: calificaciones; vigencia observada, no interpolada",Sólo DIFEM para carreras restringidas
DFI310,RELACIONES CHILENO-MAPUCHE EN WALLMAPU (E/G),Minor en Relaciones Interculturales,Troncal,2021-1,2021-1,COORDINACION DE FORMACIÓN GENERAL E IDIOMAS / Coordinación de Formación General e Idiomas,REVISAR,REVISAR,SI,"Evidencia: calificaciones,seguimiento; vigencia observada, no interpolada",Sólo DIFEM para carreras restringidas
DFI310,RELACIONES CHILENO-MAPUCHE EN WALLMAPU (E/G),Minor en Relaciones Interculturales,Troncal,2021-2,2021-2,COORDINACION DE FORMACIÓN GENERAL E IDIOMAS / Coordinación de Formación General e Idiomas,REVISAR,REVISAR,SI,"Evidencia: calificaciones,seguimiento; vigencia observada, no interpolada",Sólo DIFEM para carreras restringidas
DFI310,RELACIONES CHILENO-MAPUCHE EN WALLMAPU (E/G),Minor en Relaciones Interculturales,Troncal,2022-1,2022-1,COORDINACION DE FORMACIÓN GENERAL E IDIOMAS / Coordinación de Formación General e Idiomas,REVISAR,REVISAR,SI,"Evidencia: calificaciones,seguimiento; vigencia observada, no interpolada",Sólo DIFEM para carreras restringidas
DFI310,RELACIONES CHILENO-MAPUCHE EN WALLMAPU (E/G),Minor en Relaciones Interculturales,Troncal,2022-2,2022-2,COORDINACION DE FORMACIÓN GENERAL E IDIOMAS / Coordinación de Formación General e Idiomas,REVISAR,REVISAR,SI,"Evidencia: calificaciones,seguimiento; vigencia observada, no interpolada",Sólo DIFEM para carreras restringidas
DFI310,RELACIONES CHILENO-MAPUCHE EN WALLMAPU (E/G),Minor en Relaciones Interculturales,Troncal,2023-1,2023-1,COORDINACION DE FORMACIÓN GENERAL E IDIOMAS / Coordinación de Formación General e Idiomas,REVISAR,REVISAR,SI,"Evidencia: calificaciones,seguimiento; vigencia observada, no interpolada",Sólo DIFEM para carreras restringidas
DFI310,RELACIONES CHILENO-MAPUCHE EN WALLMAPU (E/G),Minor en Relaciones Interculturales,Troncal,2023-2,2023-2,COORDINACION DE FORMACIÓN GENERAL E IDIOMAS / Coordinación de Formación General e Idiomas,REVISAR,REVISAR,SI,"Evidencia: calificaciones,seguimiento; vigencia observada, no interpolada",Sólo DIFEM para carreras restringidas
DFI310,RELACIONES CHILENO-MAPUCHE EN WALLMAPU (E/G),Minor en Relaciones Interculturales,Troncal,2024-1,2024-1,COORDINACION DE FORMACIÓN GENERAL E IDIOMAS / Coordinación de Formación General e Idiomas,REVISAR,REVISAR,SI,"Evidencia: calificaciones,seguimiento; vigencia observada, no interpolada",Sólo DIFEM para carreras restringidas
DFI310,RELACIONES CHILENO-MAPUCHE EN WALLMAPU (E/G),Minor en Relaciones Interculturales,Troncal,2024-2,2024-2,COORDINACION DE FORMACIÓN GENERAL E IDIOMAS / Coordinación de Formación General e Idiomas,REVISAR,REVISAR,SI,"Evidencia: calificaciones,seguimiento; vigencia observada, no interpolada",Sólo DIFEM para carreras restringidas
DFI310,RELACIONES CHILENO-MAPUCHE EN WALLMAPU (E/G),Minor en Relaciones Interculturales,Troncal,2025-1,2025-1,COORDINACION DE FORMACIÓN GENERAL E IDIOMAS / Coordinación de Formación General e Idiomas,REVISAR,REVISAR,SI,"Evidencia: calificaciones,seguimiento; vigencia observada, no interpolada",Sólo DIFEM para carreras restringidas
DFI310,RELACIONES CHILENO-MAPUCHE EN WALLMAPU (E/G),Minor en Relaciones Interculturales,Troncal,2025-2,2025-2,COORDINACION DE FORMACIÓN GENERAL E IDIOMAS / Coordinación de Formación General e Idiomas,REVISAR,REVISAR,SI,"Evidencia: calificaciones,seguimiento; vigencia observada, no interpolada",Sólo DIFEM para carreras restringidas
DFI310,RELACIONES CHILENO-MAPUCHE EN WALLMAPU (E/G),Minor en Relaciones Interculturales,Troncal,2026-1,2026-1,COORDINACION DE FORMACIÓN GENERAL E IDIOMAS,REVISAR,REVISAR,SI,"Evidencia: calificaciones; vigencia observada, no interpolada",Sólo DIFEM para carreras restringidas
ECS021,JUSTICIA E INTERCULTURALIDAD. PENSANDO EL DERECHO EN ACCIÓN,Minor en Relaciones Interculturales,Electiva,2024-1,2024-1,DEPARTAMENTO DE CIENCIAS SOCIALES / Departamento de Ciencias Sociales,NO,NO,SI,"Evidencia: calificaciones,seguimiento; vigencia observada, no interpolada",Sólo DIFEM para carreras restringidas
ECS021,JUSTICIA E INTERCULTURALIDAD. PENSANDO EL DERECHO EN ACCIÓN,Minor en Relaciones Interculturales,Electiva,2025-1,2025-1,DEPARTAMENTO DE CIENCIAS SOCIALES / Departamento de Ciencias Sociales,NO,NO,SI,"Evidencia: calificaciones,seguimiento; vigencia observada, no interpolada",Sólo DIFEM para carreras restringidas
ECS021,JUSTICIA E INTERCULTURALIDAD. PENSANDO EL DERECHO EN ACCIÓN,Minor en Relaciones Interculturales,Electiva,2026-1,2026-1,DEPARTAMENTO DE CIENCIAS SOCIALES,NO,NO,SI,"Evidencia: calificaciones; vigencia observada, no interpolada",Sólo DIFEM para carreras restringidas
ECS098,"CULTURA, INTERCULTURALIDAD Y TERRITORIO",Minor en Relaciones Interculturales,Electiva,2018-1,2018-1,DEPARTAMENTO DE CIENCIAS SOCIALES,NO,NO,SI,"Evidencia: calificaciones; vigencia observada, no interpolada",Sólo DIFEM para carreras restringidas
ECS098,"CULTURA, INTERCULTURALIDAD Y TERRITORIO",Minor en Relaciones Interculturales,Electiva,2018-2,2018-2,DEPARTAMENTO DE CIENCIAS SOCIALES / Departamento de Ciencias Sociales,NO,NO,SI,"Evidencia: calificaciones,seguimiento; vigencia observada, no interpolada",Sólo DIFEM para carreras restringidas
ECS098,"CULTURA, INTERCULTURALIDAD Y TERRITORIO",Minor en Relaciones Interculturales,Electiva,2019-1,2019-1,DEPARTAMENTO DE CIENCIAS SOCIALES,NO,NO,SI,"Evidencia: calificaciones; vigencia observada, no interpolada",Sólo DIFEM para carreras restringidas
ECS098,"CULTURA, INTERCULTURALIDAD Y TERRITORIO",Minor en Relaciones Interculturales,Electiva,2019-2,2019-2,DEPARTAMENTO DE CIENCIAS SOCIALES,NO,NO,SI,"Evidencia: calificaciones; vigencia observada, no interpolada",Sólo DIFEM para carreras restringidas
ECS098,"CULTURA, INTERCULTURALIDAD Y TERRITORIO",Minor en Relaciones Interculturales,Electiva,2020-1,2020-1,DEPARTAMENTO DE CIENCIAS SOCIALES,NO,NO,SI,"Evidencia: calificaciones; vigencia observada, no interpolada",Sólo DIFEM para carreras restringidas
ECS098,"CULTURA, INTERCULTURALIDAD Y TERRITORIO",Minor en Relaciones Interculturales,Electiva,2020-2,2020-2,DEPARTAMENTO DE CIENCIAS SOCIALES,NO,NO,SI,"Evidencia: calificaciones; vigencia observada, no interpolada",Sólo DIFEM para carreras restringidas
ECS098,"CULTURA, INTERCULTURALIDAD Y TERRITORIO",Minor en Relaciones Interculturales,Electiva,2021-2,2021-2,DEPARTAMENTO DE CIENCIAS SOCIALES / Departamento de Ciencias Sociales,NO,NO,SI,"Evidencia: calificaciones,seguimiento; vigencia observada, no interpolada",Sólo DIFEM para carreras restringidas
ECS098,"CULTURA, INTERCULTURALIDAD Y TERRITORIO",Minor en Relaciones Interculturales,Electiva,2022-1,2022-1,DEPARTAMENTO DE CIENCIAS SOCIALES,NO,NO,SI,"Evidencia: calificaciones; vigencia observada, no interpolada",Sólo DIFEM para carreras restringidas
ECS098,"CULTURA, INTERCULTURALIDAD Y TERRITORIO",Minor en Relaciones Interculturales,Electiva,2022-2,2022-2,DEPARTAMENTO DE CIENCIAS SOCIALES / Departamento de Ciencias Sociales,NO,NO,SI,"Evidencia: calificaciones,seguimiento; vigencia observada, no interpolada",Sólo DIFEM para carreras restringidas
ECS098,"CULTURA, INTERCULTURALIDAD Y TERRITORIO",Minor en Relaciones Interculturales,Electiva,2023-2,2023-2,DEPARTAMENTO DE CIENCIAS SOCIALES / Departamento de Ciencias Sociales,NO,NO,SI,"Evidencia: calificaciones,seguimiento; vigencia observada, no interpolada",Sólo DIFEM para carreras restringidas
ECS098,"CULTURA, INTERCULTURALIDAD Y TERRITORIO",Minor en Relaciones Interculturales,Electiva,2024-2,2024-2,DEPARTAMENTO DE CIENCIAS SOCIALES / Departamento de Ciencias Sociales,NO,NO,SI,"Evidencia: calificaciones,seguimiento; vigencia observada, no interpolada",Sólo DIFEM para carreras restringidas
ECS098,"CULTURA, INTERCULTURALIDAD Y TERRITORIO",Minor en Relaciones Interculturales,Electiva,2025-2,2025-2,DEPARTAMENTO DE CIENCIAS SOCIALES / Departamento de Ciencias Sociales,NO,NO,SI,"Evidencia: calificaciones,seguimiento; vigencia observada, no interpolada",Sólo DIFEM para carreras restringidas
ECS098,"CULTURA, INTERCULTURALIDAD Y TERRITORIO",Minor en Relaciones Interculturales,Electiva,2026-1,2026-1,DEPARTAMENTO DE CIENCIAS SOCIALES,NO,NO,SI,"Evidencia: calificaciones; vigencia observada, no interpolada",Sólo DIFEM para carreras restringidas
ECS176,ANTROPOLOGIA SOCIAL,Minor en Relaciones Interculturales,Electiva,2015-1,2015-1,DEPARTAMENTO DE CIENCIAS SOCIALES,NO,NO,SI,"Evidencia: calificaciones; vigencia observada, no interpolada",Sólo DIFEM para carreras restringidas
ECS176,ANTROPOLOGIA SOCIAL,Minor en Relaciones Interculturales,Electiva,2015-2,2015-2,DEPARTAMENTO DE CIENCIAS SOCIALES,NO,NO,SI,"Evidencia: calificaciones; vigencia observada, no interpolada",Sólo DIFEM para carreras restringidas
ECS176,ANTROPOLOGIA SOCIAL,Minor en Relaciones Interculturales,Electiva,2016-1,2016-1,DEPARTAMENTO DE CIENCIAS SOCIALES,NO,NO,SI,"Evidencia: calificaciones; vigencia observada, no interpolada",Sólo DIFEM para carreras restringidas
ECS176,ANTROPOLOGIA SOCIAL,Minor en Relaciones Interculturales,Electiva,2016-2,2016-2,DEPARTAMENTO DE CIENCIAS SOCIALES,NO,NO,SI,"Evidencia: calificaciones; vigencia observada, no interpolada",Sólo DIFEM para carreras restringidas
ECS176,ANTROPOLOGIA SOCIAL,Minor en Relaciones Interculturales,Electiva,2017-1,2017-1,DEPARTAMENTO DE CIENCIAS SOCIALES,NO,NO,SI,"Evidencia: calificaciones; vigencia observada, no interpolada",Sólo DIFEM para carreras restringidas
ECS176,ANTROPOLOGIA SOCIAL,Minor en Relaciones Interculturales,Electiva,2017-2,2017-2,DEPARTAMENTO DE CIENCIAS SOCIALES,NO,NO,SI,"Evidencia: calificaciones; vigencia observada, no interpolada",Sólo DIFEM para carreras restringidas
ECS176,ANTROPOLOGIA SOCIAL,Minor en Relaciones Interculturales,Electiva,2018-1,2018-1,DEPARTAMENTO DE CIENCIAS SOCIALES,NO,NO,SI,"Evidencia: calificaciones; vigencia observada, no interpolada",Sólo DIFEM para carreras restringidas
ECS176,ANTROPOLOGIA SOCIAL,Minor en Relaciones Interculturales,Electiva,2018-2,2018-2,DEPARTAMENTO DE CIENCIAS SOCIALES,NO,NO,SI,"Evidencia: calificaciones; vigencia observada, no interpolada",Sólo DIFEM para carreras restringidas
ECS176,ANTROPOLOGIA SOCIAL,Minor en Relaciones Interculturales,Electiva,2019-2,2019-2,DEPARTAMENTO DE CIENCIAS SOCIALES,NO,NO,SI,"Evidencia: calificaciones; vigencia observada, no interpolada",Sólo DIFEM para carreras restringidas
ECS176,ANTROPOLOGIA SOCIAL,Minor en Relaciones Interculturales,Electiva,2020-1,2020-1,DEPARTAMENTO DE CIENCIAS SOCIALES,NO,NO,SI,"Evidencia: calificaciones; vigencia observada, no interpolada",Sólo DIFEM para carreras restringidas
ECS176,ANTROPOLOGIA SOCIAL,Minor en Relaciones Interculturales,Electiva,2020-2,2020-2,DEPARTAMENTO DE CIENCIAS SOCIALES / Departamento de Ciencias Sociales,NO,NO,SI,"Evidencia: calificaciones,seguimiento; vigencia observada, no interpolada",Sólo DIFEM para carreras restringidas
ECS176,ANTROPOLOGIA SOCIAL,Minor en Relaciones Interculturales,Electiva,2021-1,2021-1,DEPARTAMENTO DE CIENCIAS SOCIALES,NO,NO,SI,"Evidencia: calificaciones; vigencia observada, no interpolada",Sólo DIFEM para carreras restringidas
ECS176,ANTROPOLOGIA SOCIAL,Minor en Relaciones Interculturales,Electiva,2021-2,2021-2,DEPARTAMENTO DE CIENCIAS SOCIALES,NO,NO,SI,"Evidencia: calificaciones; vigencia observada, no interpolada",Sólo DIFEM para carreras restringidas
ECS176,ANTROPOLOGIA SOCIAL,Minor en Relaciones Interculturales,Electiva,2022-1,2022-1,DEPARTAMENTO DE CIENCIAS SOCIALES,NO,NO,SI,"Evidencia: calificaciones; vigencia observada, no interpolada",Sólo DIFEM para carreras restringidas
ECS176,ANTROPOLOGIA SOCIAL,Minor en Relaciones Interculturales,Electiva,2022-2,2022-2,DEPARTAMENTO DE CIENCIAS SOCIALES / Departamento de Ciencias Sociales,NO,NO,SI,"Evidencia: calificaciones,seguimiento; vigencia observada, no interpolada",Sólo DIFEM para carreras restringidas
ECS176,ANTROPOLOGIA SOCIAL,Minor en Relaciones Interculturales,Electiva,2023-1,2023-1,DEPARTAMENTO DE CIENCIAS SOCIALES,NO,NO,SI,"Evidencia: calificaciones; vigencia observada, no interpolada",Sólo DIFEM para carreras restringidas
ECS176,ANTROPOLOGIA SOCIAL,Minor en Relaciones Interculturales,Electiva,2023-2,2023-2,DEPARTAMENTO DE CIENCIAS SOCIALES / Departamento de Ciencias Sociales,NO,NO,SI,"Evidencia: calificaciones,seguimiento; vigencia observada, no interpolada",Sólo DIFEM para carreras restringidas
ECS176,ANTROPOLOGIA SOCIAL,Minor en Relaciones Interculturales,Electiva,2024-1,2024-1,DEPARTAMENTO DE CIENCIAS SOCIALES,NO,NO,SI,"Evidencia: calificaciones; vigencia observada, no interpolada",Sólo DIFEM para carreras restringidas
ECS176,ANTROPOLOGIA SOCIAL,Minor en Relaciones Interculturales,Electiva,2024-2,2024-2,DEPARTAMENTO DE CIENCIAS SOCIALES / Departamento de Ciencias Sociales,NO,NO,SI,"Evidencia: calificaciones,seguimiento; vigencia observada, no interpolada",Sólo DIFEM para carreras restringidas
ECS176,ANTROPOLOGIA SOCIAL,Minor en Relaciones Interculturales,Electiva,2025-1,2025-1,DEPARTAMENTO DE CIENCIAS SOCIALES,NO,NO,SI,"Evidencia: calificaciones; vigencia observada, no interpolada",Sólo DIFEM para carreras restringidas
ECS176,ANTROPOLOGIA SOCIAL,Minor en Relaciones Interculturales,Electiva,2025-2,2025-2,DEPARTAMENTO DE CIENCIAS SOCIALES / Departamento de Ciencias Sociales,NO,NO,SI,"Evidencia: calificaciones,seguimiento; vigencia observada, no interpolada",Sólo DIFEM para carreras restringidas
ECS189,"IMÁGENES Y REPRESENTACIÓN DEL BUEN SALVAJE AMERICANO, SIGL",Minor en Relaciones Interculturales,Electiva,2022-2,2022-2,DEPARTAMENTO DE CIENCIAS SOCIALES / Departamento de Ciencias Sociales,NO,NO,SI,"Evidencia: calificaciones,seguimiento; vigencia observada, no interpolada",Sólo DIFEM para carreras restringidas
ECS189,"IMÁGENES Y REPRESENTACIÓN DEL BUEN SALVAJE AMERICANO, SIGL",Minor en Relaciones Interculturales,Electiva,2023-2,2023-2,DEPARTAMENTO DE CIENCIAS SOCIALES,NO,NO,SI,"Evidencia: calificaciones; vigencia observada, no interpolada",Sólo DIFEM para carreras restringidas
ECS189,"IMÁGENES Y REPRESENTACIÓN DEL BUEN SALVAJE AMERICANO, SIGL",Minor en Relaciones Interculturales,Electiva,2024-1,2024-1,DEPARTAMENTO DE CIENCIAS SOCIALES,NO,NO,SI,"Evidencia: calificaciones; vigencia observada, no interpolada",Sólo DIFEM para carreras restringidas
ECS189,"IMÁGENES Y REPRESENTACIÓN DEL BUEN SALVAJE AMERICANO, SIGL",Minor en Relaciones Interculturales,Electiva,2025-1,2025-1,DEPARTAMENTO DE CIENCIAS SOCIALES / Departamento de Ciencias Sociales,NO,NO,SI,"Evidencia: calificaciones,seguimiento; vigencia observada, no interpolada",Sólo DIFEM para carreras restringidas
ECS189,"IMÁGENES Y REPRESENTACIÓN DEL BUEN SALVAJE AMERICANO, SIGL",Minor en Relaciones Interculturales,Electiva,2026-1,2026-1,DEPARTAMENTO DE CIENCIAS SOCIALES,NO,NO,SI,"Evidencia: calificaciones; vigencia observada, no interpolada",Sólo DIFEM para carreras restringidas
ECS392,INTERCULTURALIDAD DIFERENCIA Y ACCION COLECTIVA INDIGENA,Minor en Relaciones Interculturales,Electiva,2019-1,2019-1,DEPARTAMENTO DE CIENCIAS SOCIALES,NO,NO,SI,"Evidencia: calificaciones; vigencia observada, no interpolada",Sólo DIFEM para carreras restringidas
ECS392,INTERCULTURALIDAD DIFERENCIA Y ACCION COLECTIVA INDIGENA,Minor en Relaciones Interculturales,Electiva,2020-2,2020-2,DEPARTAMENTO DE CIENCIAS SOCIALES,NO,NO,SI,"Evidencia: calificaciones; vigencia observada, no interpolada",Sólo DIFEM para carreras restringidas
ECS392,INTERCULTURALIDAD DIFERENCIA Y ACCION COLECTIVA INDIGENA,Minor en Relaciones Interculturales,Electiva,2021-2,2021-2,DEPARTAMENTO DE CIENCIAS SOCIALES / Departamento de Ciencias Sociales,NO,NO,SI,"Evidencia: calificaciones,seguimiento; vigencia observada, no interpolada",Sólo DIFEM para carreras restringidas
ECS392,INTERCULTURALIDAD DIFERENCIA Y ACCION COLECTIVA INDIGENA,Minor en Relaciones Interculturales,Electiva,2022-2,2022-2,DEPARTAMENTO DE CIENCIAS SOCIALES,NO,NO,SI,"Evidencia: calificaciones; vigencia observada, no interpolada",Sólo DIFEM para carreras restringidas
ECS392,INTERCULTURALIDAD DIFERENCIA Y ACCION COLECTIVA INDIGENA,Minor en Relaciones Interculturales,Electiva,2023-2,2023-2,DEPARTAMENTO DE CIENCIAS SOCIALES / Departamento de Ciencias Sociales,NO,NO,SI,"Evidencia: calificaciones,seguimiento; vigencia observada, no interpolada",Sólo DIFEM para carreras restringidas
ECS392,INTERCULTURALIDAD DIFERENCIA Y ACCION COLECTIVA INDIGENA,Minor en Relaciones Interculturales,Electiva,2024-2,2024-2,DEPARTAMENTO DE CIENCIAS SOCIALES / Departamento de Ciencias Sociales,NO,NO,SI,"Evidencia: calificaciones,seguimiento; vigencia observada, no interpolada",Sólo DIFEM para carreras restringidas
ECS392,INTERCULTURALIDAD DIFERENCIA Y ACCION COLECTIVA INDIGENA,Minor en Relaciones Interculturales,Electiva,2025-2,2025-2,DEPARTAMENTO DE CIENCIAS SOCIALES / Departamento de Ciencias Sociales,NO,NO,SI,"Evidencia: calificaciones,seguimiento; vigencia observada, no interpolada",Sólo DIFEM para carreras restringidas
ECS392,INTERCULTURALIDAD DIFERENCIA Y ACCION COLECTIVA INDIGENA,Minor en Relaciones Interculturales,Electiva,2026-1,2026-1,DEPARTAMENTO DE CIENCIAS SOCIALES,NO,NO,SI,"Evidencia: calificaciones; vigencia observada, no interpolada",Sólo DIFEM para carreras restringidas
ELL587,LENGUA Y LA CULTURA MAPUCHE (E/E),Minor en Relaciones Interculturales,Electiva,2018-1,2018-1,"DEPARTAMENTO DE LENGUAS, LITERATURA Y COMUNICACIÓN",NO,NO,SI,"Evidencia: calificaciones; vigencia observada, no interpolada",Sólo DIFEM para carreras restringidas
ELL587,LENGUA Y LA CULTURA MAPUCHE (E/E),Minor en Relaciones Interculturales,Electiva,2019-1,2019-1,"DEPARTAMENTO DE LENGUAS, LITERATURA Y COMUNICACIÓN",NO,NO,SI,"Evidencia: calificaciones; vigencia observada, no interpolada",Sólo DIFEM para carreras restringidas
ELL587,LENGUA Y LA CULTURA MAPUCHE (E/E),Minor en Relaciones Interculturales,Electiva,2019-2,2019-2,"DEPARTAMENTO DE LENGUAS, LITERATURA Y COMUNICACIÓN",NO,NO,SI,"Evidencia: calificaciones; vigencia observada, no interpolada",Sólo DIFEM para carreras restringidas
ELL587,LENGUA Y LA CULTURA MAPUCHE (E/E),Minor en Relaciones Interculturales,Electiva,2020-1,2020-1,"DEPARTAMENTO DE LENGUAS, LITERATURA Y COMUNICACIÓN",NO,NO,SI,"Evidencia: calificaciones; vigencia observada, no interpolada",Sólo DIFEM para carreras restringidas
ELL587,LENGUA Y LA CULTURA MAPUCHE (E/E),Minor en Relaciones Interculturales,Electiva,2020-2,2020-2,"DEPARTAMENTO DE LENGUAS, LITERATURA Y COMUNICACIÓN / Departamento de Lenguas, Literatura y Comunicación",NO,NO,SI,"Evidencia: calificaciones,seguimiento; vigencia observada, no interpolada",Sólo DIFEM para carreras restringidas
ELL587,LENGUA Y LA CULTURA MAPUCHE (E/E),Minor en Relaciones Interculturales,Electiva,2021-1,2021-1,"DEPARTAMENTO DE LENGUAS, LITERATURA Y COMUNICACIÓN",NO,NO,SI,"Evidencia: calificaciones; vigencia observada, no interpolada",Sólo DIFEM para carreras restringidas
ELL587,LENGUA Y LA CULTURA MAPUCHE (E/E),Minor en Relaciones Interculturales,Electiva,2021-2,2021-2,"DEPARTAMENTO DE LENGUAS, LITERATURA Y COMUNICACIÓN / Departamento de Lenguas, Literatura y Comunicación",NO,NO,SI,"Evidencia: calificaciones,seguimiento; vigencia observada, no interpolada",Sólo DIFEM para carreras restringidas
ELL587,LENGUA Y LA CULTURA MAPUCHE (E/E),Minor en Relaciones Interculturales,Electiva,2022-1,2022-1,"DEPARTAMENTO DE LENGUAS, LITERATURA Y COMUNICACIÓN / Departamento de Lenguas, Literatura y Comunicación",NO,NO,SI,"Evidencia: calificaciones,seguimiento; vigencia observada, no interpolada",Sólo DIFEM para carreras restringidas
ELL587,LENGUA Y LA CULTURA MAPUCHE (E/E),Minor en Relaciones Interculturales,Electiva,2022-2,2022-2,"DEPARTAMENTO DE LENGUAS, LITERATURA Y COMUNICACIÓN",NO,NO,SI,"Evidencia: calificaciones; vigencia observada, no interpolada",Sólo DIFEM para carreras restringidas
ELL587,LENGUA Y LA CULTURA MAPUCHE (E/E),Minor en Relaciones Interculturales,Electiva,2023-1,2023-1,"DEPARTAMENTO DE LENGUAS, LITERATURA Y COMUNICACIÓN / Departamento de Lenguas, Literatura y Comunicación",NO,NO,SI,"Evidencia: calificaciones,seguimiento; vigencia observada, no interpolada",Sólo DIFEM para carreras restringidas
ELL587,LENGUA Y LA CULTURA MAPUCHE (E/E),Minor en Relaciones Interculturales,Electiva,2023-2,2023-2,"DEPARTAMENTO DE LENGUAS, LITERATURA Y COMUNICACIÓN / Departamento de Lenguas, Literatura y Comunicación",NO,NO,SI,"Evidencia: calificaciones,seguimiento; vigencia observada, no interpolada",Sólo DIFEM para carreras restringidas
ELL587,LENGUA Y LA CULTURA MAPUCHE (E/E),Minor en Relaciones Interculturales,Electiva,2024-1,2024-1,"DEPARTAMENTO DE LENGUAS, LITERATURA Y COMUNICACIÓN / Departamento de Lenguas, Literatura y Comunicación",NO,NO,SI,"Evidencia: calificaciones,seguimiento; vigencia observada, no interpolada",Sólo DIFEM para carreras restringidas
ELL587,LENGUA Y LA CULTURA MAPUCHE (E/E),Minor en Relaciones Interculturales,Electiva,2024-2,2024-2,"DEPARTAMENTO DE LENGUAS, LITERATURA Y COMUNICACIÓN / Departamento de Lenguas, Literatura y Comunicación",NO,NO,SI,"Evidencia: calificaciones,seguimiento; vigencia observada, no interpolada",Sólo DIFEM para carreras restringidas
ELL587,LENGUA Y LA CULTURA MAPUCHE (E/E),Minor en Relaciones Interculturales,Electiva,2025-1,2025-1,"DEPARTAMENTO DE LENGUAS, LITERATURA Y COMUNICACIÓN / Departamento de Lenguas, Literatura y Comunicación",NO,NO,SI,"Evidencia: calificaciones,seguimiento; vigencia observada, no interpolada",Sólo DIFEM para carreras restringidas
ELL587,LENGUA Y LA CULTURA MAPUCHE (E/E),Minor en Relaciones Interculturales,Electiva,2025-2,2025-2,"DEPARTAMENTO DE LENGUAS, LITERATURA Y COMUNICACIÓN / Departamento de Lenguas, Literatura y Comunicación",NO,NO,SI,"Evidencia: calificaciones,seguimiento; vigencia observada, no interpolada",Sólo DIFEM para carreras restringidas
ELL587,LENGUA Y LA CULTURA MAPUCHE (E/E),Minor en Relaciones Interculturales,Electiva,2026-1,2026-1,"DEPARTAMENTO DE LENGUAS, LITERATURA Y COMUNICACIÓN",NO,NO,SI,"Evidencia: calificaciones; vigencia observada, no interpolada",Sólo DIFEM para carreras restringidas
ELL761,COMUNICACION INTERCULTURAL (E/G),Minor en Relaciones Interculturales,Electiva,2021-1,2021-1,"DEPARTAMENTO DE LENGUAS, LITERATURA Y COMUNICACIÓN / Departamento de Lenguas, Literatura y Comunicación",NO,NO,SI,"Evidencia: calificaciones,seguimiento; vigencia observada, no interpolada",Sólo DIFEM para carreras restringidas
ELL761,COMUNICACION INTERCULTURAL (E/G),Minor en Relaciones Interculturales,Electiva,2021-2,2021-2,"DEPARTAMENTO DE LENGUAS, LITERATURA Y COMUNICACIÓN / Departamento de Lenguas, Literatura y Comunicación",NO,NO,SI,"Evidencia: calificaciones,seguimiento; vigencia observada, no interpolada",Sólo DIFEM para carreras restringidas
ELL761,COMUNICACION INTERCULTURAL (E/G),Minor en Relaciones Interculturales,Electiva,2022-1,2022-1,"DEPARTAMENTO DE LENGUAS, LITERATURA Y COMUNICACIÓN",NO,NO,SI,"Evidencia: calificaciones; vigencia observada, no interpolada",Sólo DIFEM para carreras restringidas
ELL761,COMUNICACION INTERCULTURAL (E/G),Minor en Relaciones Interculturales,Electiva,2023-2,2023-2,"DEPARTAMENTO DE LENGUAS, LITERATURA Y COMUNICACIÓN / Departamento de Lenguas, Literatura y Comunicación",NO,NO,SI,"Evidencia: calificaciones,seguimiento; vigencia observada, no interpolada",Sólo DIFEM para carreras restringidas
ELL761,COMUNICACION INTERCULTURAL (E/G),Minor en Relaciones Interculturales,Electiva,2024-2,2024-2,"DEPARTAMENTO DE LENGUAS, LITERATURA Y COMUNICACIÓN / Departamento de Lenguas, Literatura y Comunicación",NO,NO,SI,"Evidencia: calificaciones,seguimiento; vigencia observada, no interpolada",Sólo DIFEM para carreras restringidas
ELL761,COMUNICACION INTERCULTURAL (E/G),Minor en Relaciones Interculturales,Electiva,2025-2,2025-2,"DEPARTAMENTO DE LENGUAS, LITERATURA Y COMUNICACIÓN / Departamento de Lenguas, Literatura y Comunicación",NO,NO,SI,"Evidencia: calificaciones,seguimiento; vigencia observada, no interpolada",Sólo DIFEM para carreras restringidas
ELL761,COMUNICACION INTERCULTURAL (E/G),Minor en Relaciones Interculturales,Electiva,2026-1,2026-1,"DEPARTAMENTO DE LENGUAS, LITERATURA Y COMUNICACIÓN",NO,NO,SI,"Evidencia: calificaciones; vigencia observada, no interpolada",Sólo DIFEM para carreras restringidas
ELL762,RELACIONES INTERCULTURALES Y GLOBALIZACION (E/G),Minor en Relaciones Interculturales,Electiva,2021-1,2021-1,"DEPARTAMENTO DE LENGUAS, LITERATURA Y COMUNICACIÓN",NO,NO,SI,"Evidencia: calificaciones; vigencia observada, no interpolada",Sólo DIFEM para carreras restringidas
ELL762,RELACIONES INTERCULTURALES Y GLOBALIZACION (E/G),Minor en Relaciones Interculturales,Electiva,2022-1,2022-1,"DEPARTAMENTO DE LENGUAS, LITERATURA Y COMUNICACIÓN",NO,NO,SI,"Evidencia: calificaciones; vigencia observada, no interpolada",Sólo DIFEM para carreras restringidas
ELL762,RELACIONES INTERCULTURALES Y GLOBALIZACION (E/G),Minor en Relaciones Interculturales,Electiva,2023-1,2023-1,"DEPARTAMENTO DE LENGUAS, LITERATURA Y COMUNICACIÓN",NO,NO,SI,"Evidencia: calificaciones; vigencia observada, no interpolada",Sólo DIFEM para carreras restringidas
ELL762,RELACIONES INTERCULTURALES Y GLOBALIZACION (E/G),Minor en Relaciones Interculturales,Electiva,2025-1,2025-1,"DEPARTAMENTO DE LENGUAS, LITERATURA Y COMUNICACIÓN",NO,NO,SI,"Evidencia: calificaciones; vigencia observada, no interpolada",Sólo DIFEM para carreras restringidas
ELL762,RELACIONES INTERCULTURALES Y GLOBALIZACION (E/G),Minor en Relaciones Interculturales,Electiva,2025-2,2025-2,"DEPARTAMENTO DE LENGUAS, LITERATURA Y COMUNICACIÓN / Departamento de Lenguas, Literatura y Comunicación",NO,NO,SI,"Evidencia: calificaciones,seguimiento; vigencia observada, no interpolada",Sólo DIFEM para carreras restringidas
ELL762,RELACIONES INTERCULTURALES Y GLOBALIZACION (E/G),Minor en Relaciones Interculturales,Electiva,2026-1,2026-1,"DEPARTAMENTO DE LENGUAS, LITERATURA Y COMUNICACIÓN",NO,NO,SI,"Evidencia: calificaciones; vigencia observada, no interpolada",Sólo DIFEM para carreras restringidas
ELL775,GENERO E INTERCULTURALIDAD (E/G),Minor en Relaciones Interculturales,Electiva,2022-2,2022-2,"DEPARTAMENTO DE LENGUAS, LITERATURA Y COMUNICACIÓN / Departamento de Lenguas, Literatura y Comunicación",NO,NO,SI,"Evidencia: calificaciones,seguimiento; vigencia observada, no interpolada",Sólo DIFEM para carreras restringidas
ELL775,GENERO E INTERCULTURALIDAD (E/G),Minor en Relaciones Interculturales,Electiva,2023-1,2023-1,"DEPARTAMENTO DE LENGUAS, LITERATURA Y COMUNICACIÓN",NO,NO,SI,"Evidencia: calificaciones; vigencia observada, no interpolada",Sólo DIFEM para carreras restringidas
ELL775,GENERO E INTERCULTURALIDAD (E/G),Minor en Relaciones Interculturales,Electiva,2023-2,2023-2,"DEPARTAMENTO DE LENGUAS, LITERATURA Y COMUNICACIÓN / Departamento de Lenguas, Literatura y Comunicación",NO,NO,SI,"Evidencia: calificaciones,seguimiento; vigencia observada, no interpolada",Sólo DIFEM para carreras restringidas
ELL775,GENERO E INTERCULTURALIDAD (E/G),Minor en Relaciones Interculturales,Electiva,2024-2,2024-2,"DEPARTAMENTO DE LENGUAS, LITERATURA Y COMUNICACIÓN / Departamento de Lenguas, Literatura y Comunicación",NO,NO,SI,"Evidencia: calificaciones,seguimiento; vigencia observada, no interpolada",Sólo DIFEM para carreras restringidas
ELL775,GENERO E INTERCULTURALIDAD (E/G),Minor en Relaciones Interculturales,Electiva,2025-2,2025-2,"DEPARTAMENTO DE LENGUAS, LITERATURA Y COMUNICACIÓN / Departamento de Lenguas, Literatura y Comunicación",NO,NO,SI,"Evidencia: calificaciones,seguimiento; vigencia observada, no interpolada",Sólo DIFEM para carreras restringidas
ELL775,GENERO E INTERCULTURALIDAD (E/G),Minor en Relaciones Interculturales,Electiva,2026-1,2026-1,"DEPARTAMENTO DE LENGUAS, LITERATURA Y COMUNICACIÓN",NO,NO,SI,"Evidencia: calificaciones; vigencia observada, no interpolada",Sólo DIFEM para carreras restringidas
ELL804,INTERCULT. Y HERMENEUTICA: LA INTERP. SIMBOL. CULTURA (E/G),Minor en Relaciones Interculturales,Electiva,2024-1,2024-1,"DEPARTAMENTO DE LENGUAS, LITERATURA Y COMUNICACIÓN / Departamento de Lenguas, Literatura y Comunicación",NO,NO,SI,"Evidencia: calificaciones,seguimiento; vigencia observada, no interpolada",Sólo DIFEM para carreras restringidas
ELL804,INTERCULT. Y HERMENEUTICA: LA INTERP. SIMBOL. CULTURA (E/G),Minor en Relaciones Interculturales,Electiva,2024-2,2024-2,"DEPARTAMENTO DE LENGUAS, LITERATURA Y COMUNICACIÓN / Departamento de Lenguas, Literatura y Comunicación",NO,NO,SI,"Evidencia: calificaciones,seguimiento; vigencia observada, no interpolada",Sólo DIFEM para carreras restringidas
ELL804,INTERCULT. Y HERMENEUTICA: LA INTERP. SIMBOL. CULTURA (E/G),Minor en Relaciones Interculturales,Electiva,2025-1,2025-1,"DEPARTAMENTO DE LENGUAS, LITERATURA Y COMUNICACIÓN / Departamento de Lenguas, Literatura y Comunicación",NO,NO,SI,"Evidencia: calificaciones,seguimiento; vigencia observada, no interpolada",Sólo DIFEM para carreras restringidas
ELL804,INTERCULT. Y HERMENEUTICA: LA INTERP. SIMBOL. CULTURA (E/G),Minor en Relaciones Interculturales,Electiva,2025-2,2025-2,"DEPARTAMENTO DE LENGUAS, LITERATURA Y COMUNICACIÓN / Departamento de Lenguas, Literatura y Comunicación",NO,NO,SI,"Evidencia: calificaciones,seguimiento; vigencia observada, no interpolada",Sólo DIFEM para carreras restringidas
ELL804,INTERCULT. Y HERMENEUTICA: LA INTERP. SIMBOL. CULTURA (E/G),Minor en Relaciones Interculturales,Electiva,2026-1,2026-1,"DEPARTAMENTO DE LENGUAS, LITERATURA Y COMUNICACIÓN",NO,NO,SI,"Evidencia: calificaciones; vigencia observada, no interpolada",Sólo DIFEM para carreras restringidas
MSP256,"SALUD, CULTURA E INTERCULTURALIDAD EN SALUD (E/G)",Minor en Relaciones Interculturales,Electiva,2021-1,2021-1,DEPARTAMENTO DE SALUD PUBLICA,NO,NO,SI,"Evidencia: calificaciones; vigencia observada, no interpolada",Sólo DIFEM para carreras restringidas
MSP256,"SALUD, CULTURA E INTERCULTURALIDAD EN SALUD (E/G)",Minor en Relaciones Interculturales,Electiva,2025-2,2025-2,DEPARTAMENTO DE SALUD PUBLICA / Departamento de Salud Pública,NO,NO,SI,"Evidencia: calificaciones,seguimiento; vigencia observada, no interpolada",Sólo DIFEM para carreras restringidas
MSP256,"SALUD, CULTURA E INTERCULTURALIDAD EN SALUD (E/G)",Minor en Relaciones Interculturales,Electiva,2026-1,2026-1,DEPARTAMENTO DE SALUD PUBLICA,NO,NO,SI,"Evidencia: calificaciones; vigencia observada, no interpolada",Sólo DIFEM para carreras restringidas
MSP259,SALUD MENTAL INTERCULTURAL (E/G),Minor en Relaciones Interculturales,Electiva,2025-2,2025-2,DEPARTAMENTO DE SALUD PUBLICA / Departamento de Salud Pública,NO,NO,SI,"Evidencia: calificaciones,seguimiento; vigencia observada, no interpolada",Sólo DIFEM para carreras restringidas
MSP259,SALUD MENTAL INTERCULTURAL (E/G),Minor en Relaciones Interculturales,Electiva,2026-1,2026-1,DEPARTAMENTO DE SALUD PUBLICA,NO,NO,SI,"Evidencia: calificaciones; vigencia observada, no interpolada",Sólo DIFEM para carreras restringidas
RUP121,"SALUD INTERCULTURAL, DESDE LA MEDICINA MAPUCHE Y SU COSMOVIS",Minor en Relaciones Interculturales,Electiva,2015-1,2015-1,COORDINACION DE FORMACIÓN GENERAL E IDIOMAS,REVISAR,REVISAR,SI,"Evidencia: calificaciones; vigencia observada, no interpolada",Sólo DIFEM para carreras restringidas
RUP121,"SALUD INTERCULTURAL, DESDE LA MEDICINA MAPUCHE Y SU COSMOVIS",Minor en Relaciones Interculturales,Electiva,2015-2,2015-2,COORDINACION DE FORMACIÓN GENERAL E IDIOMAS,REVISAR,REVISAR,SI,"Evidencia: calificaciones; vigencia observada, no interpolada",Sólo DIFEM para carreras restringidas
RUP121,"SALUD INTERCULTURAL, DESDE LA MEDICINA MAPUCHE Y SU COSMOVIS",Minor en Relaciones Interculturales,Electiva,2016-1,2016-1,COORDINACION DE FORMACIÓN GENERAL E IDIOMAS,REVISAR,REVISAR,SI,"Evidencia: calificaciones; vigencia observada, no interpolada",Sólo DIFEM para carreras restringidas
RUP121,"SALUD INTERCULTURAL, DESDE LA MEDICINA MAPUCHE Y SU COSMOVIS",Minor en Relaciones Interculturales,Electiva,2016-2,2016-2,COORDINACION DE FORMACIÓN GENERAL E IDIOMAS,REVISAR,REVISAR,SI,"Evidencia: calificaciones; vigencia observada, no interpolada",Sólo DIFEM para carreras restringidas
RUP121,"SALUD INTERCULTURAL, DESDE LA MEDICINA MAPUCHE Y SU COSMOVIS",Minor en Relaciones Interculturales,Electiva,2017-1,2017-1,COORDINACION DE FORMACIÓN GENERAL E IDIOMAS,REVISAR,REVISAR,SI,"Evidencia: calificaciones; vigencia observada, no interpolada",Sólo DIFEM para carreras restringidas
RUP121,"SALUD INTERCULTURAL, DESDE LA MEDICINA MAPUCHE Y SU COSMOVIS",Minor en Relaciones Interculturales,Electiva,2017-2,2017-2,COORDINACION DE FORMACIÓN GENERAL E IDIOMAS,REVISAR,REVISAR,SI,"Evidencia: calificaciones; vigencia observada, no interpolada",Sólo DIFEM para carreras restringidas
RUP121,"SALUD INTERCULTURAL, DESDE LA MEDICINA MAPUCHE Y SU COSMOVIS",Minor en Relaciones Interculturales,Electiva,2018-1,2018-1,COORDINACION DE FORMACIÓN GENERAL E IDIOMAS,REVISAR,REVISAR,SI,"Evidencia: calificaciones; vigencia observada, no interpolada",Sólo DIFEM para carreras restringidas
RUP121,"SALUD INTERCULTURAL, DESDE LA MEDICINA MAPUCHE Y SU COSMOVIS",Minor en Relaciones Interculturales,Electiva,2018-2,2018-2,COORDINACION DE FORMACIÓN GENERAL E IDIOMAS,REVISAR,REVISAR,SI,"Evidencia: calificaciones; vigencia observada, no interpolada",Sólo DIFEM para carreras restringidas
RUP121,"SALUD INTERCULTURAL, DESDE LA MEDICINA MAPUCHE Y SU COSMOVIS",Minor en Relaciones Interculturales,Electiva,2019-1,2019-1,COORDINACION DE FORMACIÓN GENERAL E IDIOMAS,REVISAR,REVISAR,SI,"Evidencia: calificaciones; vigencia observada, no interpolada",Sólo DIFEM para carreras restringidas
RUP121,"SALUD INTERCULTURAL, DESDE LA MEDICINA MAPUCHE Y SU COSMOVIS",Minor en Relaciones Interculturales,Electiva,2019-2,2019-2,COORDINACION DE FORMACIÓN GENERAL E IDIOMAS / Coordinación de Formación General e Idiomas,REVISAR,REVISAR,SI,"Evidencia: calificaciones,seguimiento; vigencia observada, no interpolada",Sólo DIFEM para carreras restringidas
RUP121,"SALUD INTERCULTURAL, DESDE LA MEDICINA MAPUCHE Y SU COSMOVIS",Minor en Relaciones Interculturales,Electiva,2020-1,2020-1,COORDINACION DE FORMACIÓN GENERAL E IDIOMAS,REVISAR,REVISAR,SI,"Evidencia: calificaciones; vigencia observada, no interpolada",Sólo DIFEM para carreras restringidas
RUP121,"SALUD INTERCULTURAL, DESDE LA MEDICINA MAPUCHE Y SU COSMOVIS",Minor en Relaciones Interculturales,Electiva,2020-2,2020-2,COORDINACION DE FORMACIÓN GENERAL E IDIOMAS / Coordinación de Formación General e Idiomas,REVISAR,REVISAR,SI,"Evidencia: calificaciones,seguimiento; vigencia observada, no interpolada",Sólo DIFEM para carreras restringidas
RUP121,"SALUD INTERCULTURAL, DESDE LA MEDICINA MAPUCHE Y SU COSMOVIS",Minor en Relaciones Interculturales,Electiva,2021-1,2021-1,COORDINACION DE FORMACIÓN GENERAL E IDIOMAS / Coordinación de Formación General e Idiomas,REVISAR,REVISAR,SI,"Evidencia: calificaciones,seguimiento; vigencia observada, no interpolada",Sólo DIFEM para carreras restringidas
RUP121,"SALUD INTERCULTURAL, DESDE LA MEDICINA MAPUCHE Y SU COSMOVIS",Minor en Relaciones Interculturales,Electiva,2021-2,2021-2,COORDINACION DE FORMACIÓN GENERAL E IDIOMAS / Coordinación de Formación General e Idiomas,REVISAR,REVISAR,SI,"Evidencia: calificaciones,seguimiento; vigencia observada, no interpolada",Sólo DIFEM para carreras restringidas
RUP121,"SALUD INTERCULTURAL, DESDE LA MEDICINA MAPUCHE Y SU COSMOVIS",Minor en Relaciones Interculturales,Electiva,2022-1,2022-1,COORDINACION DE FORMACIÓN GENERAL E IDIOMAS / Coordinación de Formación General e Idiomas,REVISAR,REVISAR,SI,"Evidencia: calificaciones,seguimiento; vigencia observada, no interpolada",Sólo DIFEM para carreras restringidas
RUP121,"SALUD INTERCULTURAL, DESDE LA MEDICINA MAPUCHE Y SU COSMOVIS",Minor en Relaciones Interculturales,Electiva,2022-2,2022-2,COORDINACION DE FORMACIÓN GENERAL E IDIOMAS,REVISAR,REVISAR,SI,"Evidencia: calificaciones; vigencia observada, no interpolada",Sólo DIFEM para carreras restringidas
RUP121,"SALUD INTERCULTURAL, DESDE LA MEDICINA MAPUCHE Y SU COSMOVIS",Minor en Relaciones Interculturales,Electiva,2023-1,2023-1,COORDINACION DE FORMACIÓN GENERAL E IDIOMAS / Coordinación de Formación General e Idiomas,REVISAR,REVISAR,SI,"Evidencia: calificaciones,seguimiento; vigencia observada, no interpolada",Sólo DIFEM para carreras restringidas
RUP121,"SALUD INTERCULTURAL, DESDE LA MEDICINA MAPUCHE Y SU COSMOVIS",Minor en Relaciones Interculturales,Electiva,2023-2,2023-2,COORDINACION DE FORMACIÓN GENERAL E IDIOMAS,REVISAR,REVISAR,SI,"Evidencia: calificaciones; vigencia observada, no interpolada",Sólo DIFEM para carreras restringidas
RUP121,"SALUD INTERCULTURAL, DESDE LA MEDICINA MAPUCHE Y SU COSMOVIS",Minor en Relaciones Interculturales,Electiva,2024-1,2024-1,COORDINACION DE FORMACIÓN GENERAL E IDIOMAS / Coordinación de Formación General e Idiomas,REVISAR,REVISAR,SI,"Evidencia: calificaciones,seguimiento; vigencia observada, no interpolada",Sólo DIFEM para carreras restringidas
RUP121,"SALUD INTERCULTURAL, DESDE LA MEDICINA MAPUCHE Y SU COSMOVIS",Minor en Relaciones Interculturales,Electiva,2024-2,2024-2,COORDINACION DE FORMACIÓN GENERAL E IDIOMAS / Coordinación de Formación General e Idiomas,REVISAR,REVISAR,SI,"Evidencia: calificaciones,seguimiento; vigencia observada, no interpolada",Sólo DIFEM para carreras restringidas
RUP121,"SALUD INTERCULTURAL, DESDE LA MEDICINA MAPUCHE Y SU COSMOVIS",Minor en Relaciones Interculturales,Electiva,2025-1,2025-1,COORDINACION DE FORMACIÓN GENERAL E IDIOMAS / Coordinación de Formación General e Idiomas,REVISAR,REVISAR,SI,"Evidencia: calificaciones,seguimiento; vigencia observada, no interpolada",Sólo DIFEM para carreras restringidas
RUP121,"SALUD INTERCULTURAL, DESDE LA MEDICINA MAPUCHE Y SU COSMOVIS",Minor en Relaciones Interculturales,Electiva,2025-2,2025-2,COORDINACION DE FORMACIÓN GENERAL E IDIOMAS / Coordinación de Formación General e Idiomas,REVISAR,REVISAR,SI,"Evidencia: calificaciones,seguimiento; vigencia observada, no interpolada",Sólo DIFEM para carreras restringidas
RUP121,"SALUD INTERCULTURAL, DESDE LA MEDICINA MAPUCHE Y SU COSMOVIS",Minor en Relaciones Interculturales,Electiva,2026-1,2026-1,COORDINACION DE FORMACIÓN GENERAL E IDIOMAS,REVISAR,REVISAR,SI,"Evidencia: calificaciones; vigencia observada, no interpolada",Sólo DIFEM para carreras restringidas
RUP218,MAPUZUNGUN : HABLEMOS EN MAPUZUNGUN,Minor en Relaciones Interculturales,Electiva,2015-1,2015-1,COORDINACION DE FORMACIÓN GENERAL E IDIOMAS,REVISAR,REVISAR,SI,"Evidencia: calificaciones; vigencia observada, no interpolada",Sólo DIFEM para carreras restringidas
RUP218,MAPUZUNGUN : HABLEMOS EN MAPUZUNGUN,Minor en Relaciones Interculturales,Electiva,2015-2,2015-2,COORDINACION DE FORMACIÓN GENERAL E IDIOMAS,REVISAR,REVISAR,SI,"Evidencia: calificaciones; vigencia observada, no interpolada",Sólo DIFEM para carreras restringidas
RUP218,MAPUZUNGUN : HABLEMOS EN MAPUZUNGUN,Minor en Relaciones Interculturales,Electiva,2016-1,2016-1,COORDINACION DE FORMACIÓN GENERAL E IDIOMAS,REVISAR,REVISAR,SI,"Evidencia: calificaciones; vigencia observada, no interpolada",Sólo DIFEM para carreras restringidas
RUP218,MAPUZUNGUN : HABLEMOS EN MAPUZUNGUN,Minor en Relaciones Interculturales,Electiva,2016-2,2016-2,COORDINACION DE FORMACIÓN GENERAL E IDIOMAS,REVISAR,REVISAR,SI,"Evidencia: calificaciones; vigencia observada, no interpolada",Sólo DIFEM para carreras restringidas
RUP218,MAPUZUNGUN : HABLEMOS EN MAPUZUNGUN,Minor en Relaciones Interculturales,Electiva,2017-1,2017-1,COORDINACION DE FORMACIÓN GENERAL E IDIOMAS,REVISAR,REVISAR,SI,"Evidencia: calificaciones; vigencia observada, no interpolada",Sólo DIFEM para carreras restringidas
RUP218,MAPUZUNGUN : HABLEMOS EN MAPUZUNGUN,Minor en Relaciones Interculturales,Electiva,2017-2,2017-2,COORDINACION DE FORMACIÓN GENERAL E IDIOMAS,REVISAR,REVISAR,SI,"Evidencia: calificaciones; vigencia observada, no interpolada",Sólo DIFEM para carreras restringidas
RUP218,MAPUZUNGUN : HABLEMOS EN MAPUZUNGUN,Minor en Relaciones Interculturales,Electiva,2018-1,2018-1,COORDINACION DE FORMACIÓN GENERAL E IDIOMAS,REVISAR,REVISAR,SI,"Evidencia: calificaciones; vigencia observada, no interpolada",Sólo DIFEM para carreras restringidas
RUP218,MAPUZUNGUN : HABLEMOS EN MAPUZUNGUN,Minor en Relaciones Interculturales,Electiva,2018-2,2018-2,COORDINACION DE FORMACIÓN GENERAL E IDIOMAS,REVISAR,REVISAR,SI,"Evidencia: calificaciones; vigencia observada, no interpolada",Sólo DIFEM para carreras restringidas
RUP218,MAPUZUNGUN : HABLEMOS EN MAPUZUNGUN,Minor en Relaciones Interculturales,Electiva,2019-1,2019-1,COORDINACION DE FORMACIÓN GENERAL E IDIOMAS,REVISAR,REVISAR,SI,"Evidencia: calificaciones; vigencia observada, no interpolada",Sólo DIFEM para carreras restringidas
RUP218,MAPUZUNGUN : HABLEMOS EN MAPUZUNGUN,Minor en Relaciones Interculturales,Electiva,2019-2,2019-2,COORDINACION DE FORMACIÓN GENERAL E IDIOMAS,REVISAR,REVISAR,SI,"Evidencia: calificaciones; vigencia observada, no interpolada",Sólo DIFEM para carreras restringidas
RUP218,MAPUZUNGUN : HABLEMOS EN MAPUZUNGUN,Minor en Relaciones Interculturales,Electiva,2020-1,2020-1,COORDINACION DE FORMACIÓN GENERAL E IDIOMAS,REVISAR,REVISAR,SI,"Evidencia: calificaciones; vigencia observada, no interpolada",Sólo DIFEM para carreras restringidas
RUP218,MAPUZUNGUN : HABLEMOS EN MAPUZUNGUN,Minor en Relaciones Interculturales,Electiva,2020-2,2020-2,COORDINACION DE FORMACIÓN GENERAL E IDIOMAS,REVISAR,REVISAR,SI,"Evidencia: calificaciones; vigencia observada, no interpolada",Sólo DIFEM para carreras restringidas
RUP218,MAPUZUNGUN : HABLEMOS EN MAPUZUNGUN,Minor en Relaciones Interculturales,Electiva,2021-1,2021-1,COORDINACION DE FORMACIÓN GENERAL E IDIOMAS,REVISAR,REVISAR,SI,"Evidencia: calificaciones; vigencia observada, no interpolada",Sólo DIFEM para carreras restringidas
RUP218,MAPUZUNGUN : HABLEMOS EN MAPUZUNGUN,Minor en Relaciones Interculturales,Electiva,2021-2,2021-2,COORDINACION DE FORMACIÓN GENERAL E IDIOMAS,REVISAR,REVISAR,SI,"Evidencia: calificaciones; vigencia observada, no interpolada",Sólo DIFEM para carreras restringidas
RUP218,MAPUZUNGUN : HABLEMOS EN MAPUZUNGUN,Minor en Relaciones Interculturales,Electiva,2022-1,2022-1,COORDINACION DE FORMACIÓN GENERAL E IDIOMAS,REVISAR,REVISAR,SI,"Evidencia: calificaciones; vigencia observada, no interpolada",Sólo DIFEM para carreras restringidas
RUP218,MAPUZUNGUN : HABLEMOS EN MAPUZUNGUN,Minor en Relaciones Interculturales,Electiva,2022-2,2022-2,COORDINACION DE FORMACIÓN GENERAL E IDIOMAS,REVISAR,REVISAR,SI,"Evidencia: calificaciones; vigencia observada, no interpolada",Sólo DIFEM para carreras restringidas
RUP218,MAPUZUNGUN : HABLEMOS EN MAPUZUNGUN,Minor en Relaciones Interculturales,Electiva,2023-1,2023-1,COORDINACION DE FORMACIÓN GENERAL E IDIOMAS,REVISAR,REVISAR,SI,"Evidencia: calificaciones; vigencia observada, no interpolada",Sólo DIFEM para carreras restringidas
RUP218,MAPUZUNGUN : HABLEMOS EN MAPUZUNGUN,Minor en Relaciones Interculturales,Electiva,2023-2,2023-2,COORDINACION DE FORMACIÓN GENERAL E IDIOMAS,REVISAR,REVISAR,SI,"Evidencia: calificaciones; vigencia observada, no interpolada",Sólo DIFEM para carreras restringidas
RUP218,MAPUZUNGUN : HABLEMOS EN MAPUZUNGUN,Minor en Relaciones Interculturales,Electiva,2024-1,2024-1,COORDINACION DE FORMACIÓN GENERAL E IDIOMAS,REVISAR,REVISAR,SI,"Evidencia: calificaciones; vigencia observada, no interpolada",Sólo DIFEM para carreras restringidas
RUP218,MAPUZUNGUN : HABLEMOS EN MAPUZUNGUN,Minor en Relaciones Interculturales,Electiva,2024-2,2024-2,COORDINACION DE FORMACIÓN GENERAL E IDIOMAS,REVISAR,REVISAR,SI,"Evidencia: calificaciones; vigencia observada, no interpolada",Sólo DIFEM para carreras restringidas
RUP218,MAPUZUNGUN : HABLEMOS EN MAPUZUNGUN,Minor en Relaciones Interculturales,Electiva,2025-1,2025-1,COORDINACION DE FORMACIÓN GENERAL E IDIOMAS,REVISAR,REVISAR,SI,"Evidencia: calificaciones; vigencia observada, no interpolada",Sólo DIFEM para carreras restringidas
RUP218,MAPUZUNGUN : HABLEMOS EN MAPUZUNGUN,Minor en Relaciones Interculturales,Electiva,2025-2,2025-2,COORDINACION DE FORMACIÓN GENERAL E IDIOMAS / Coordinación de Formación General e Idiomas,REVISAR,REVISAR,SI,"Evidencia: calificaciones,seguimiento; vigencia observada, no interpolada",Sólo DIFEM para carreras restringidas
RUP218,MAPUZUNGUN : HABLEMOS EN MAPUZUNGUN,Minor en Relaciones Interculturales,Electiva,2026-1,2026-1,COORDINACION DE FORMACIÓN GENERAL E IDIOMAS,REVISAR,REVISAR,SI,"Evidencia: calificaciones; vigencia observada, no interpolada",Sólo DIFEM para carreras restringidas
DFI183,ESTRATEGIAS DE COMUNICACION EFECTIVA EN INGLES/EFFECTIVE COM,Minor en Inglés,Troncal,1900-1,2200-2,,SI,SI,SI,Reglamento y regla explícita del encargo,No aplica a troncal
DFI185,VIVIENDO EN EL EXTRANJERO/LIVING ABROAD (E/G),Minor en Inglés,Troncal,1900-1,2200-2,,SI,SI,SI,Reglamento y regla explícita del encargo,No aplica a troncal
DFI165,CREACIÓN DE EMPRESAS EN LA PRÁCTICA (SPIN OUT) E/G,Minor en Emprendimiento,Troncal,1900-1,2200-2,,SI,SI,SI,Reglamento y regla explícita del encargo,No aplica a troncal
IAE145,EMPRENDIMIENTO STARTUP (E/G),Minor en Emprendimiento,Troncal,1900-1,2200-2,,SI,SI,SI,Reglamento y regla explícita del encargo,No aplica a troncal
DFI300,CIUDADANIA Y RELACIONES INTERCULTURALES (E/G),Minor en Relaciones Interculturales,Troncal,1900-1,2200-2,,SI,SI,SI,Reglamento y regla explícita del encargo,No aplica a troncal
DFI310,RELACIONES CHILENO-MAPUCHE EN WALLMAPU (E/G),Minor en Relaciones Interculturales,Troncal,1900-1,2200-2,,SI,SI,SI,Reglamento y regla explícita del encargo,No aplica a troncal
